,latitude,longitude,horizontal_accuracy,altitude,vertical_accuracy,source,timestamp_str,activity_number,timestamp,period,geometry
0,37.6109353,127.0319851,82,,,GPS,2020-10-31T16:10:45.086Z,0.0,2020-10-31 16:10:45.086000+00:00,1320 days 16:56:32.794000,POINT (127.0319851 37.6109353)
1,37.6109296,127.0319971,106,,,GPS,2020-10-31T16:10:51.086Z,0.0,2020-10-31 16:10:51.086000+00:00,0 days 00:00:06,POINT (127.0319971 37.6109296)
2,37.6109299,127.032008,108,,,GPS,2020-10-31T16:10:52.086Z,0.0,2020-10-31 16:10:52.086000+00:00,0 days 00:00:01,POINT (127.032008 37.6109299)
3,37.6109325,127.0320239,106,,,GPS,2020-10-31T16:10:53.086Z,0.0,2020-10-31 16:10:53.086000+00:00,0 days 00:00:01,POINT (127.0320239 37.6109325)
4,37.6110026,127.03227,106,,,GPS,2020-10-31T16:11:09.086Z,0.0,2020-10-31 16:11:09.086000+00:00,0 days 00:00:16,POINT (127.03227 37.6110026)
5,37.6106144,127.0316117,24,,,GPS,2020-10-31T16:11:24.999Z,0.0,2020-10-31 16:11:24.999000+00:00,0 days 00:00:15.913000,POINT (127.0316117 37.6106144)
6,37.6106482,127.0316637,96,,,GPS,2020-10-31T16:11:28.999Z,0.0,2020-10-31 16:11:28.999000+00:00,0 days 00:00:04,POINT (127.0316637 37.6106482)
7,37.610668,127.0317175,24,,,GPS,2020-10-31T16:11:29.999Z,0.0,2020-10-31 16:11:29.999000+00:00,0 days 00:00:01,POINT (127.0317175 37.610668)
8,37.6106828,127.0317492,96,,,GPS,2020-10-31T16:11:31.999Z,0.0,2020-10-31 16:11:31.999000+00:00,0 days 00:00:02,POINT (127.0317492 37.6106828)
9,37.6106728,127.0317319,20,,,GPS,2020-10-31T16:11:34.999Z,0.0,2020-10-31 16:11:34.999000+00:00,0 days 00:00:03,POINT (127.0317319 37.6106728)
10,37.6106719,127.0317302,18,,,GPS,2020-10-31T16:11:35.999Z,0.0,2020-10-31 16:11:35.999000+00:00,0 days 00:00:01,POINT (127.0317302 37.6106719)
11,37.6106714,127.0317291,16,,,GPS,2020-10-31T16:11:36.999Z,0.0,2020-10-31 16:11:36.999000+00:00,0 days 00:00:01,POINT (127.0317291 37.6106714)
12,37.6107396,127.0316969,22,,,GPS,2020-10-31T16:11:52.999Z,0.0,2020-10-31 16:11:52.999000+00:00,0 days 00:00:16,POINT (127.0316969 37.6107396)
13,37.6107399,127.0316968,24,,,GPS,2020-10-31T16:12:07.999Z,1.0,2020-10-31 16:12:07.999000+00:00,0 days 00:00:15,POINT (127.0316968 37.6107399)
14,37.6107399,127.0316968,18,,,GPS,2020-10-31T16:12:31.065Z,0.0,2020-10-31 16:12:31.065000+00:00,0 days 00:00:23.066000,POINT (127.0316968 37.6107399)
15,37.6108593,127.0319001,19,,,WIFI,2020-10-31T16:13:10.271Z,1.0,2020-10-31 16:13:10.271000+00:00,0 days 00:00:39.206000,POINT (127.0319001 37.6108593)
16,37.6108593,127.0319001,19,,,WIFI,2020-10-31T16:15:19.195Z,1.0,2020-10-31 16:15:19.195000+00:00,0 days 00:02:08.924000,POINT (127.0319001 37.6108593)
17,37.6108593,127.0319001,19,,,WIFI,2020-10-31T16:17:19.211Z,3.0,2020-10-31 16:17:19.211000+00:00,0 days 00:02:00.016000,POINT (127.0319001 37.6108593)
18,37.6108593,127.0319001,19,,,WIFI,2020-10-31T16:19:19.248Z,3.0,2020-10-31 16:19:19.248000+00:00,0 days 00:02:00.037000,POINT (127.0319001 37.6108593)
19,37.6108593,127.0319001,19,,,WIFI,2020-10-31T16:21:19.279Z,3.0,2020-10-31 16:21:19.279000+00:00,0 days 00:02:00.031000,POINT (127.0319001 37.6108593)
20,37.6108593,127.0319001,19,,,WIFI,2020-10-31T16:23:19.315Z,3.0,2020-10-31 16:23:19.315000+00:00,0 days 00:02:00.036000,POINT (127.0319001 37.6108593)
21,37.6108593,127.0319001,19,,,WIFI,2020-10-31T16:25:19.339Z,2.0,2020-10-31 16:25:19.339000+00:00,0 days 00:02:00.024000,POINT (127.0319001 37.6108593)
22,37.6108593,127.0319001,19,,,WIFI,2020-10-31T16:27:19.363Z,4.0,2020-10-31 16:27:19.363000+00:00,0 days 00:02:00.024000,POINT (127.0319001 37.6108593)
23,37.6108593,127.0319001,19,,,WIFI,2020-10-31T16:29:19.386Z,3.0,2020-10-31 16:29:19.386000+00:00,0 days 00:02:00.023000,POINT (127.0319001 37.6108593)
24,37.6108593,127.0319001,19,,,WIFI,2020-10-31T16:31:19.424Z,2.0,2020-10-31 16:31:19.424000+00:00,0 days 00:02:00.038000,POINT (127.0319001 37.6108593)
25,37.6108593,127.0319001,19,,,WIFI,2020-10-31T16:33:19.462Z,2.0,2020-10-31 16:33:19.462000+00:00,0 days 00:02:00.038000,POINT (127.0319001 37.6108593)
26,37.6108593,127.0319001,19,,,WIFI,2020-10-31T16:35:19.503Z,2.0,2020-10-31 16:35:19.503000+00:00,0 days 00:02:00.041000,POINT (127.0319001 37.6108593)
27,37.6108593,127.0319001,19,,,WIFI,2020-10-31T16:37:19.542Z,3.0,2020-10-31 16:37:19.542000+00:00,0 days 00:02:00.039000,POINT (127.0319001 37.6108593)
28,37.6108847,127.0318804,15,,,WIFI,2020-10-31T16:37:56.923Z,1.0,2020-10-31 16:37:56.923000+00:00,0 days 00:00:37.381000,POINT (127.0318804 37.6108847)
29,37.6108847,127.0318804,15,,,WIFI,2020-10-31T16:39:57.013Z,2.0,2020-10-31 16:39:57.013000+00:00,0 days 00:02:00.090000,POINT (127.0318804 37.6108847)
30,37.6108847,127.0318804,15,,,WIFI,2020-10-31T16:41:57.059Z,2.0,2020-10-31 16:41:57.059000+00:00,0 days 00:02:00.046000,POINT (127.0318804 37.6108847)
31,37.6108847,127.0318804,15,,,WIFI,2020-10-31T16:43:57.139Z,4.0,2020-10-31 16:43:57.139000+00:00,0 days 00:02:00.080000,POINT (127.0318804 37.6108847)
32,37.6108847,127.0318804,15,,,WIFI,2020-10-31T16:45:57.181Z,2.0,2020-10-31 16:45:57.181000+00:00,0 days 00:02:00.042000,POINT (127.0318804 37.6108847)
33,37.6108847,127.0318804,15,,,WIFI,2020-10-31T16:47:57.217Z,2.0,2020-10-31 16:47:57.217000+00:00,0 days 00:02:00.036000,POINT (127.0318804 37.6108847)
34,37.6108847,127.0318804,15,,,WIFI,2020-10-31T16:49:57.236Z,2.0,2020-10-31 16:49:57.236000+00:00,0 days 00:02:00.019000,POINT (127.0318804 37.6108847)
35,37.6108847,127.0318804,15,,,WIFI,2020-10-31T16:51:57.251Z,2.0,2020-10-31 16:51:57.251000+00:00,0 days 00:02:00.015000,POINT (127.0318804 37.6108847)
36,37.6108847,127.0318804,15,,,WIFI,2020-10-31T16:53:57.295Z,3.0,2020-10-31 16:53:57.295000+00:00,0 days 00:02:00.044000,POINT (127.0318804 37.6108847)
37,37.6108847,127.0318804,15,,,WIFI,2020-10-31T16:55:57.317Z,2.0,2020-10-31 16:55:57.317000+00:00,0 days 00:02:00.022000,POINT (127.0318804 37.6108847)
38,37.6108847,127.0318804,15,,,WIFI,2020-10-31T16:56:47.994Z,1.0,2020-10-31 16:56:47.994000+00:00,0 days 00:00:50.677000,POINT (127.0318804 37.6108847)
39,37.6108847,127.0318804,15,,,WIFI,2020-10-31T16:57:57.343Z,0.0,2020-10-31 16:57:57.343000+00:00,0 days 00:01:09.349000,POINT (127.0318804 37.6108847)
40,37.6108847,127.0318804,15,,,WIFI,2020-10-31T17:02:57.361Z,0.0,2020-10-31 17:02:57.361000+00:00,0 days 00:05:00.018000,POINT (127.0318804 37.6108847)
41,37.6108847,127.0318804,15,,,WIFI,2020-10-31T17:07:57.382Z,0.0,2020-10-31 17:07:57.382000+00:00,0 days 00:05:00.021000,POINT (127.0318804 37.6108847)
42,37.6108847,127.0318804,15,,,WIFI,2020-10-31T17:12:57.406Z,0.0,2020-10-31 17:12:57.406000+00:00,0 days 00:05:00.024000,POINT (127.0318804 37.6108847)
43,37.6108847,127.0318804,15,,,WIFI,2020-10-31T17:17:59.213Z,0.0,2020-10-31 17:17:59.213000+00:00,0 days 00:05:01.807000,POINT (127.0318804 37.6108847)
44,37.6108847,127.0318804,15,,,WIFI,2020-10-31T17:23:37.121Z,0.0,2020-10-31 17:23:37.121000+00:00,0 days 00:05:37.908000,POINT (127.0318804 37.6108847)
45,37.6108847,127.0318804,15,,,WIFI,2020-10-31T17:29:00.067Z,0.0,2020-10-31 17:29:00.067000+00:00,0 days 00:05:22.946000,POINT (127.0318804 37.6108847)
46,37.6108847,127.0318804,15,,,WIFI,2020-10-31T17:34:52.254Z,0.0,2020-10-31 17:34:52.254000+00:00,0 days 00:05:52.187000,POINT (127.0318804 37.6108847)
47,37.6108847,127.0318804,15,,,WIFI,2020-10-31T17:39:54.688Z,0.0,2020-10-31 17:39:54.688000+00:00,0 days 00:05:02.434000,POINT (127.0318804 37.6108847)
48,37.6108847,127.0318804,15,,,WIFI,2020-10-31T17:46:55.167Z,0.0,2020-10-31 17:46:55.167000+00:00,0 days 00:07:00.479000,POINT (127.0318804 37.6108847)
49,37.6108847,127.0318804,15,,,WIFI,2020-10-31T17:51:55.216Z,0.0,2020-10-31 17:51:55.216000+00:00,0 days 00:05:00.049000,POINT (127.0318804 37.6108847)
50,37.6108847,127.0318804,15,,,WIFI,2020-10-31T17:56:55.287Z,0.0,2020-10-31 17:56:55.287000+00:00,0 days 00:05:00.071000,POINT (127.0318804 37.6108847)
51,37.6108847,127.0318804,15,,,WIFI,2020-10-31T18:01:55.360Z,0.0,2020-10-31 18:01:55.360000+00:00,0 days 00:05:00.073000,POINT (127.0318804 37.6108847)
52,37.6108847,127.0318804,15,,,WIFI,2020-10-31T18:06:55.408Z,0.0,2020-10-31 18:06:55.408000+00:00,0 days 00:05:00.048000,POINT (127.0318804 37.6108847)
53,37.6108847,127.0318804,15,,,WIFI,2020-10-31T18:11:55.456Z,0.0,2020-10-31 18:11:55.456000+00:00,0 days 00:05:00.048000,POINT (127.0318804 37.6108847)
54,37.6108847,127.0318804,15,,,WIFI,2020-10-31T18:16:55.550Z,0.0,2020-10-31 18:16:55.550000+00:00,0 days 00:05:00.094000,POINT (127.0318804 37.6108847)
55,37.6108847,127.0318804,15,,,WIFI,2020-10-31T18:21:55.587Z,0.0,2020-10-31 18:21:55.587000+00:00,0 days 00:05:00.037000,POINT (127.0318804 37.6108847)
56,37.6108847,127.0318804,15,,,WIFI,2020-10-31T18:26:56.095Z,0.0,2020-10-31 18:26:56.095000+00:00,0 days 00:05:00.508000,POINT (127.0318804 37.6108847)
57,37.6108847,127.0318804,15,,,WIFI,2020-10-31T18:31:56.166Z,0.0,2020-10-31 18:31:56.166000+00:00,0 days 00:05:00.071000,POINT (127.0318804 37.6108847)
58,37.6108847,127.0318804,15,,,WIFI,2020-10-31T18:36:57.071Z,0.0,2020-10-31 18:36:57.071000+00:00,0 days 00:05:00.905000,POINT (127.0318804 37.6108847)
59,37.6108847,127.0318804,15,,,WIFI,2020-10-31T18:41:57.106Z,0.0,2020-10-31 18:41:57.106000+00:00,0 days 00:05:00.035000,POINT (127.0318804 37.6108847)
60,37.6108847,127.0318804,15,,,WIFI,2020-10-31T18:46:57.170Z,0.0,2020-10-31 18:46:57.170000+00:00,0 days 00:05:00.064000,POINT (127.0318804 37.6108847)
61,37.6108847,127.0318804,15,,,WIFI,2020-10-31T18:51:58.084Z,0.0,2020-10-31 18:51:58.084000+00:00,0 days 00:05:00.914000,POINT (127.0318804 37.6108847)
62,37.6108847,127.0318804,15,,,WIFI,2020-10-31T18:56:59.080Z,0.0,2020-10-31 18:56:59.080000+00:00,0 days 00:05:00.996000,POINT (127.0318804 37.6108847)
63,37.6108847,127.0318804,15,,,WIFI,2020-10-31T19:01:59.166Z,0.0,2020-10-31 19:01:59.166000+00:00,0 days 00:05:00.086000,POINT (127.0318804 37.6108847)
64,37.6108847,127.0318804,15,,,WIFI,2020-10-31T19:06:59.204Z,0.0,2020-10-31 19:06:59.204000+00:00,0 days 00:05:00.038000,POINT (127.0318804 37.6108847)
65,37.6108847,127.0318804,15,,,WIFI,2020-10-31T19:12:00.093Z,0.0,2020-10-31 19:12:00.093000+00:00,0 days 00:05:00.889000,POINT (127.0318804 37.6108847)
66,37.6108847,127.0318804,15,,,WIFI,2020-10-31T19:13:12.813Z,0.0,2020-10-31 19:13:12.813000+00:00,0 days 00:01:12.720000,POINT (127.0318804 37.6108847)
67,37.6108344,127.0318747,21,,,WIFI,2020-10-31T19:13:33.071Z,0.0,2020-10-31 19:13:33.071000+00:00,0 days 00:00:20.258000,POINT (127.0318747 37.6108344)
68,37.6108344,127.0318747,21,,,WIFI,2020-10-31T19:18:41.086Z,0.0,2020-10-31 19:18:41.086000+00:00,0 days 00:05:08.015000,POINT (127.0318747 37.6108344)
69,37.6108344,127.0318747,21,,,WIFI,2020-10-31T19:24:41.137Z,0.0,2020-10-31 19:24:41.137000+00:00,0 days 00:06:00.051000,POINT (127.0318747 37.6108344)
70,37.6108344,127.0318747,21,,,WIFI,2020-10-31T19:29:55.083Z,0.0,2020-10-31 19:29:55.083000+00:00,0 days 00:05:13.946000,POINT (127.0318747 37.6108344)
71,37.6108344,127.0318747,21,,,WIFI,2020-10-31T19:35:42.074Z,0.0,2020-10-31 19:35:42.074000+00:00,0 days 00:05:46.991000,POINT (127.0318747 37.6108344)
72,37.6108344,127.0318747,21,,,WIFI,2020-10-31T19:41:21.060Z,0.0,2020-10-31 19:41:21.060000+00:00,0 days 00:05:38.986000,POINT (127.0318747 37.6108344)
73,37.6108344,127.0318747,21,,,WIFI,2020-10-31T19:46:39.075Z,0.0,2020-10-31 19:46:39.075000+00:00,0 days 00:05:18.015000,POINT (127.0318747 37.6108344)
74,37.6108344,127.0318747,21,,,WIFI,2020-10-31T19:52:04.079Z,0.0,2020-10-31 19:52:04.079000+00:00,0 days 00:05:25.004000,POINT (127.0318747 37.6108344)
75,37.6108344,127.0318747,21,,,WIFI,2020-10-31T19:57:05.088Z,0.0,2020-10-31 19:57:05.088000+00:00,0 days 00:05:01.009000,POINT (127.0318747 37.6108344)
76,37.6108344,127.0318747,21,,,WIFI,2020-10-31T20:02:06.080Z,0.0,2020-10-31 20:02:06.080000+00:00,0 days 00:05:00.992000,POINT (127.0318747 37.6108344)
77,37.6108344,127.0318747,21,,,WIFI,2020-10-31T20:07:07.084Z,0.0,2020-10-31 20:07:07.084000+00:00,0 days 00:05:01.004000,POINT (127.0318747 37.6108344)
78,37.6108344,127.0318747,21,,,WIFI,2020-10-31T20:12:08.074Z,0.0,2020-10-31 20:12:08.074000+00:00,0 days 00:05:00.990000,POINT (127.0318747 37.6108344)
79,37.6108344,127.0318747,21,,,WIFI,2020-10-31T20:17:08.124Z,0.0,2020-10-31 20:17:08.124000+00:00,0 days 00:05:00.050000,POINT (127.0318747 37.6108344)
80,37.6108344,127.0318747,21,,,WIFI,2020-10-31T20:22:09.080Z,0.0,2020-10-31 20:22:09.080000+00:00,0 days 00:05:00.956000,POINT (127.0318747 37.6108344)
81,37.6108344,127.0318747,21,,,WIFI,2020-10-31T20:27:09.171Z,0.0,2020-10-31 20:27:09.171000+00:00,0 days 00:05:00.091000,POINT (127.0318747 37.6108344)
82,37.6108344,127.0318747,21,,,WIFI,2020-10-31T20:32:09.214Z,0.0,2020-10-31 20:32:09.214000+00:00,0 days 00:05:00.043000,POINT (127.0318747 37.6108344)
83,37.6108344,127.0318747,21,,,WIFI,2020-10-31T20:37:09.288Z,0.0,2020-10-31 20:37:09.288000+00:00,0 days 00:05:00.074000,POINT (127.0318747 37.6108344)
84,37.6108344,127.0318747,21,,,WIFI,2020-10-31T20:42:09.339Z,0.0,2020-10-31 20:42:09.339000+00:00,0 days 00:05:00.051000,POINT (127.0318747 37.6108344)
85,37.6108344,127.0318747,21,,,WIFI,2020-10-31T20:47:10.082Z,0.0,2020-10-31 20:47:10.082000+00:00,0 days 00:05:00.743000,POINT (127.0318747 37.6108344)
86,37.6108344,127.0318747,21,,,WIFI,2020-10-31T20:52:10.135Z,0.0,2020-10-31 20:52:10.135000+00:00,0 days 00:05:00.053000,POINT (127.0318747 37.6108344)
87,37.6108344,127.0318747,21,,,WIFI,2020-10-31T20:57:11.084Z,0.0,2020-10-31 20:57:11.084000+00:00,0 days 00:05:00.949000,POINT (127.0318747 37.6108344)
88,37.6108344,127.0318747,21,,,WIFI,2020-10-31T21:02:11.147Z,0.0,2020-10-31 21:02:11.147000+00:00,0 days 00:05:00.063000,POINT (127.0318747 37.6108344)
89,37.6108344,127.0318747,21,,,WIFI,2020-10-31T21:07:11.233Z,0.0,2020-10-31 21:07:11.233000+00:00,0 days 00:05:00.086000,POINT (127.0318747 37.6108344)
90,37.6108344,127.0318747,21,,,WIFI,2020-10-31T21:12:11.281Z,0.0,2020-10-31 21:12:11.281000+00:00,0 days 00:05:00.048000,POINT (127.0318747 37.6108344)
91,37.6108344,127.0318747,21,,,WIFI,2020-10-31T21:15:00.750Z,0.0,2020-10-31 21:15:00.750000+00:00,0 days 00:02:49.469000,POINT (127.0318747 37.6108344)
92,37.6108344,127.0318747,21,,,WIFI,2020-10-31T21:22:12.086Z,1.0,2020-10-31 21:22:12.086000+00:00,0 days 00:07:11.336000,POINT (127.0318747 37.6108344)
93,37.6108344,127.0318747,21,,,WIFI,2020-10-31T21:27:12.143Z,0.0,2020-10-31 21:27:12.143000+00:00,0 days 00:05:00.057000,POINT (127.0318747 37.6108344)
94,37.6108344,127.0318747,21,,,WIFI,2020-10-31T21:31:27.070Z,0.0,2020-10-31 21:31:27.070000+00:00,0 days 00:04:14.927000,POINT (127.0318747 37.6108344)
95,37.6108344,127.0318747,21,,,WIFI,2020-10-31T21:37:12.075Z,0.0,2020-10-31 21:37:12.075000+00:00,0 days 00:05:45.005000,POINT (127.0318747 37.6108344)
96,37.6108344,127.0318747,21,,,WIFI,2020-10-31T21:41:21.659Z,1.0,2020-10-31 21:41:21.659000+00:00,0 days 00:04:09.584000,POINT (127.0318747 37.6108344)
97,37.6108344,127.0318747,21,,,WIFI,2020-10-31T21:46:18.070Z,1.0,2020-10-31 21:46:18.070000+00:00,0 days 00:04:56.411000,POINT (127.0318747 37.6108344)
98,37.6108344,127.0318747,21,,,WIFI,2020-10-31T21:52:14.083Z,0.0,2020-10-31 21:52:14.083000+00:00,0 days 00:05:56.013000,POINT (127.0318747 37.6108344)
99,37.6108344,127.0318747,21,,,WIFI,2020-10-31T21:57:14.145Z,0.0,2020-10-31 21:57:14.145000+00:00,0 days 00:05:00.062000,POINT (127.0318747 37.6108344)
100,37.6108344,127.0318747,21,,,WIFI,2020-10-31T22:02:15.090Z,0.0,2020-10-31 22:02:15.090000+00:00,0 days 00:05:00.945000,POINT (127.0318747 37.6108344)
101,37.6108344,127.0318747,21,,,WIFI,2020-10-31T22:07:15.177Z,0.0,2020-10-31 22:07:15.177000+00:00,0 days 00:05:00.087000,POINT (127.0318747 37.6108344)
102,37.6108344,127.0318747,21,,,WIFI,2020-10-31T22:12:15.241Z,0.0,2020-10-31 22:12:15.241000+00:00,0 days 00:05:00.064000,POINT (127.0318747 37.6108344)
103,37.6108344,127.0318747,21,,,WIFI,2020-10-31T22:13:00.659Z,0.0,2020-10-31 22:13:00.659000+00:00,0 days 00:00:45.418000,POINT (127.0318747 37.6108344)
104,37.6108344,127.0318747,21,,,WIFI,2020-10-31T22:14:27.139Z,0.0,2020-10-31 22:14:27.139000+00:00,0 days 00:01:26.480000,POINT (127.0318747 37.6108344)
105,37.6108649,127.0318962,18,,,WIFI,2020-10-31T22:14:46.630Z,0.0,2020-10-31 22:14:46.630000+00:00,0 days 00:00:19.491000,POINT (127.0318962 37.6108649)
106,37.6108649,127.0318962,18,,,WIFI,2020-10-31T22:19:55.067Z,0.0,2020-10-31 22:19:55.067000+00:00,0 days 00:05:08.437000,POINT (127.0318962 37.6108649)
107,37.6108649,127.0318962,18,,,WIFI,2020-10-31T22:27:17.071Z,0.0,2020-10-31 22:27:17.071000+00:00,0 days 00:07:22.004000,POINT (127.0318962 37.6108649)
108,37.6108649,127.0318962,18,,,WIFI,2020-10-31T22:32:17.123Z,0.0,2020-10-31 22:32:17.123000+00:00,0 days 00:05:00.052000,POINT (127.0318962 37.6108649)
109,37.6108649,127.0318962,18,,,WIFI,2020-10-31T22:37:17.193Z,0.0,2020-10-31 22:37:17.193000+00:00,0 days 00:05:00.070000,POINT (127.0318962 37.6108649)
110,37.6108649,127.0318962,18,,,WIFI,2020-10-31T22:42:17.251Z,0.0,2020-10-31 22:42:17.251000+00:00,0 days 00:05:00.058000,POINT (127.0318962 37.6108649)
111,37.6108649,127.0318962,18,,,WIFI,2020-10-31T22:47:18.100Z,0.0,2020-10-31 22:47:18.100000+00:00,0 days 00:05:00.849000,POINT (127.0318962 37.6108649)
112,37.6108649,127.0318962,18,,,WIFI,2020-10-31T22:52:18.162Z,0.0,2020-10-31 22:52:18.162000+00:00,0 days 00:05:00.062000,POINT (127.0318962 37.6108649)
113,37.6108649,127.0318962,18,,,WIFI,2020-10-31T22:57:19.085Z,0.0,2020-10-31 22:57:19.085000+00:00,0 days 00:05:00.923000,POINT (127.0318962 37.6108649)
114,37.6108649,127.0318962,18,,,WIFI,2020-10-31T23:02:20.086Z,0.0,2020-10-31 23:02:20.086000+00:00,0 days 00:05:01.001000,POINT (127.0318962 37.6108649)
115,37.6108649,127.0318962,18,,,WIFI,2020-10-31T23:07:20.138Z,0.0,2020-10-31 23:07:20.138000+00:00,0 days 00:05:00.052000,POINT (127.0318962 37.6108649)
116,37.6108649,127.0318962,18,,,WIFI,2020-10-31T23:12:21.090Z,0.0,2020-10-31 23:12:21.090000+00:00,0 days 00:05:00.952000,POINT (127.0318962 37.6108649)
117,37.6108649,127.0318962,18,,,WIFI,2020-10-31T23:17:22.064Z,0.0,2020-10-31 23:17:22.064000+00:00,0 days 00:05:00.974000,POINT (127.0318962 37.6108649)
118,37.6108649,127.0318962,18,,,WIFI,2020-10-31T23:19:55.774Z,0.0,2020-10-31 23:19:55.774000+00:00,0 days 00:02:33.710000,POINT (127.0318962 37.6108649)
119,37.6108649,127.0318962,18,,,WIFI,2020-10-31T23:26:44.151Z,0.0,2020-10-31 23:26:44.151000+00:00,0 days 00:06:48.377000,POINT (127.0318962 37.6108649)
120,37.6108649,127.0318962,18,,,WIFI,2020-10-31T23:32:06.959Z,0.0,2020-10-31 23:32:06.959000+00:00,0 days 00:05:22.808000,POINT (127.0318962 37.6108649)
121,37.6108649,127.0318962,18,,,WIFI,2020-10-31T23:37:22.300Z,0.0,2020-10-31 23:37:22.300000+00:00,0 days 00:05:15.341000,POINT (127.0318962 37.6108649)
122,37.6108649,127.0318962,18,,,WIFI,2020-10-31T23:42:23.087Z,0.0,2020-10-31 23:42:23.087000+00:00,0 days 00:05:00.787000,POINT (127.0318962 37.6108649)
123,37.6108649,127.0318962,18,,,WIFI,2020-10-31T23:47:23.145Z,0.0,2020-10-31 23:47:23.145000+00:00,0 days 00:05:00.058000,POINT (127.0318962 37.6108649)
124,37.6108649,127.0318962,18,,,WIFI,2020-10-31T23:52:23.209Z,0.0,2020-10-31 23:52:23.209000+00:00,0 days 00:05:00.064000,POINT (127.0318962 37.6108649)
125,37.6108649,127.0318962,18,,,WIFI,2020-10-31T23:57:24.065Z,0.0,2020-10-31 23:57:24.065000+00:00,0 days 00:05:00.856000,POINT (127.0318962 37.6108649)
126,37.6108649,127.0318962,18,,,WIFI,2020-11-01T00:02:24.142Z,0.0,2020-11-01 00:02:24.142000+00:00,0 days 00:05:00.077000,POINT (127.0318962 37.6108649)
127,37.6108649,127.0318962,18,,,WIFI,2020-11-01T00:07:25.081Z,0.0,2020-11-01 00:07:25.081000+00:00,0 days 00:05:00.939000,POINT (127.0318962 37.6108649)
128,37.6108649,127.0318962,18,,,WIFI,2020-11-01T00:12:26.085Z,0.0,2020-11-01 00:12:26.085000+00:00,0 days 00:05:01.004000,POINT (127.0318962 37.6108649)
129,37.6108649,127.0318962,18,,,WIFI,2020-11-01T00:17:27.098Z,0.0,2020-11-01 00:17:27.098000+00:00,0 days 00:05:01.013000,POINT (127.0318962 37.6108649)
130,37.6108649,127.0318962,18,,,WIFI,2020-11-01T00:19:55.703Z,0.0,2020-11-01 00:19:55.703000+00:00,0 days 00:02:28.605000,POINT (127.0318962 37.6108649)
131,37.6108649,127.0318962,18,,,WIFI,2020-11-01T00:25:19.095Z,0.0,2020-11-01 00:25:19.095000+00:00,0 days 00:05:23.392000,POINT (127.0318962 37.6108649)
132,37.6108649,127.0318962,18,,,WIFI,2020-11-01T00:30:25.895Z,0.0,2020-11-01 00:30:25.895000+00:00,0 days 00:05:06.800000,POINT (127.0318962 37.6108649)
133,37.6108649,127.0318962,18,,,WIFI,2020-11-01T00:35:55.078Z,0.0,2020-11-01 00:35:55.078000+00:00,0 days 00:05:29.183000,POINT (127.0318962 37.6108649)
134,37.6108649,127.0318962,18,,,WIFI,2020-11-01T00:41:23.342Z,0.0,2020-11-01 00:41:23.342000+00:00,0 days 00:05:28.264000,POINT (127.0318962 37.6108649)
135,37.6108649,127.0318962,18,,,WIFI,2020-11-01T00:46:36.062Z,0.0,2020-11-01 00:46:36.062000+00:00,0 days 00:05:12.720000,POINT (127.0318962 37.6108649)
136,37.6108649,127.0318962,18,,,WIFI,2020-11-01T00:48:19.896Z,0.0,2020-11-01 00:48:19.896000+00:00,0 days 00:01:43.834000,POINT (127.0318962 37.6108649)
137,37.6108649,127.0318962,18,,,WIFI,2020-11-01T00:53:30.203Z,0.0,2020-11-01 00:53:30.203000+00:00,0 days 00:05:10.307000,POINT (127.0318962 37.6108649)
138,37.6108649,127.0318962,18,,,WIFI,2020-11-01T00:58:30.247Z,0.0,2020-11-01 00:58:30.247000+00:00,0 days 00:05:00.044000,POINT (127.0318962 37.6108649)
139,37.6108649,127.0318962,18,,,WIFI,2020-11-01T01:03:30.283Z,0.0,2020-11-01 01:03:30.283000+00:00,0 days 00:05:00.036000,POINT (127.0318962 37.6108649)
140,37.6108649,127.0318962,18,,,WIFI,2020-11-01T01:08:30.300Z,0.0,2020-11-01 01:08:30.300000+00:00,0 days 00:05:00.017000,POINT (127.0318962 37.6108649)
141,37.6108649,127.0318962,18,,,WIFI,2020-11-01T01:13:30.318Z,0.0,2020-11-01 01:13:30.318000+00:00,0 days 00:05:00.018000,POINT (127.0318962 37.6108649)
142,37.6108649,127.0318962,18,,,WIFI,2020-11-01T01:14:22.524Z,0.0,2020-11-01 01:14:22.524000+00:00,0 days 00:00:52.206000,POINT (127.0318962 37.6108649)
143,37.6108676,127.0318767,15,,,WIFI,2020-11-01T01:19:33.420Z,0.0,2020-11-01 01:19:33.420000+00:00,0 days 00:05:10.896000,POINT (127.0318767 37.6108676)
144,37.6108676,127.0318767,15,,,WIFI,2020-11-01T01:24:33.430Z,0.0,2020-11-01 01:24:33.430000+00:00,0 days 00:05:00.010000,POINT (127.0318767 37.6108676)
145,37.6108676,127.0318767,15,,,WIFI,2020-11-01T01:29:33.459Z,0.0,2020-11-01 01:29:33.459000+00:00,0 days 00:05:00.029000,POINT (127.0318767 37.6108676)
146,37.6108456,127.0318981,18,,,WIFI,2020-11-01T01:30:13.703Z,0.0,2020-11-01 01:30:13.703000+00:00,0 days 00:00:40.244000,POINT (127.0318981 37.6108456)
147,37.6108456,127.0318981,18,,,WIFI,2020-11-01T01:35:24.102Z,0.0,2020-11-01 01:35:24.102000+00:00,0 days 00:05:10.399000,POINT (127.0318981 37.6108456)
148,37.6108456,127.0318981,18,,,WIFI,2020-11-01T01:40:24.113Z,0.0,2020-11-01 01:40:24.113000+00:00,0 days 00:05:00.011000,POINT (127.0318981 37.6108456)
149,37.6108456,127.0318981,18,,,WIFI,2020-11-01T01:45:24.128Z,0.0,2020-11-01 01:45:24.128000+00:00,0 days 00:05:00.015000,POINT (127.0318981 37.6108456)
150,37.6108456,127.0318981,18,,,WIFI,2020-11-01T01:50:24.165Z,0.0,2020-11-01 01:50:24.165000+00:00,0 days 00:05:00.037000,POINT (127.0318981 37.6108456)
151,37.6108456,127.0318981,18,,,WIFI,2020-11-01T01:55:24.192Z,0.0,2020-11-01 01:55:24.192000+00:00,0 days 00:05:00.027000,POINT (127.0318981 37.6108456)
152,37.6108456,127.0318981,18,,,WIFI,2020-11-01T02:00:24.219Z,0.0,2020-11-01 02:00:24.219000+00:00,0 days 00:05:00.027000,POINT (127.0318981 37.6108456)
153,37.6108456,127.0318981,18,,,WIFI,2020-11-01T02:05:24.255Z,0.0,2020-11-01 02:05:24.255000+00:00,0 days 00:05:00.036000,POINT (127.0318981 37.6108456)
154,37.6108456,127.0318981,18,,,WIFI,2020-11-01T02:10:24.279Z,0.0,2020-11-01 02:10:24.279000+00:00,0 days 00:05:00.024000,POINT (127.0318981 37.6108456)
155,37.6108456,127.0318981,18,,,WIFI,2020-11-01T02:15:24.311Z,1.0,2020-11-01 02:15:24.311000+00:00,0 days 00:05:00.032000,POINT (127.0318981 37.6108456)
156,37.6108456,127.0318981,18,,,WIFI,2020-11-01T02:20:24.336Z,0.0,2020-11-01 02:20:24.336000+00:00,0 days 00:05:00.025000,POINT (127.0318981 37.6108456)
157,37.6108456,127.0318981,18,,,WIFI,2020-11-01T02:25:24.364Z,0.0,2020-11-01 02:25:24.364000+00:00,0 days 00:05:00.028000,POINT (127.0318981 37.6108456)
158,37.6108456,127.0318981,18,,,WIFI,2020-11-01T02:30:24.369Z,0.0,2020-11-01 02:30:24.369000+00:00,0 days 00:05:00.005000,POINT (127.0318981 37.6108456)
159,37.6108456,127.0318981,18,,,WIFI,2020-11-01T02:35:24.385Z,0.0,2020-11-01 02:35:24.385000+00:00,0 days 00:05:00.016000,POINT (127.0318981 37.6108456)
160,37.6108456,127.0318981,18,,,WIFI,2020-11-01T02:39:36.730Z,1.0,2020-11-01 02:39:36.730000+00:00,0 days 00:04:12.345000,POINT (127.0318981 37.6108456)
161,37.6108456,127.0318981,18,,,WIFI,2020-11-01T02:41:36.748Z,2.0,2020-11-01 02:41:36.748000+00:00,0 days 00:02:00.018000,POINT (127.0318981 37.6108456)
162,37.6108456,127.0318981,18,,,WIFI,2020-11-01T02:43:50.056Z,2.0,2020-11-01 02:43:50.056000+00:00,0 days 00:02:13.308000,POINT (127.0318981 37.6108456)
163,37.6108456,127.0318981,18,,,WIFI,2020-11-01T02:45:51.072Z,2.0,2020-11-01 02:45:51.072000+00:00,0 days 00:02:01.016000,POINT (127.0318981 37.6108456)
164,37.6108456,127.0318981,18,,,WIFI,2020-11-01T02:48:00.424Z,3.0,2020-11-01 02:48:00.424000+00:00,0 days 00:02:09.352000,POINT (127.0318981 37.6108456)
165,37.6108456,127.0318981,18,,,WIFI,2020-11-01T02:50:07.078Z,1.0,2020-11-01 02:50:07.078000+00:00,0 days 00:02:06.654000,POINT (127.0318981 37.6108456)
166,37.6108456,127.0318981,18,,,WIFI,2020-11-01T02:52:11.249Z,1.0,2020-11-01 02:52:11.249000+00:00,0 days 00:02:04.171000,POINT (127.0318981 37.6108456)
167,37.6108456,127.0318981,18,,,WIFI,2020-11-01T02:53:12.069Z,1.0,2020-11-01 02:53:12.069000+00:00,0 days 00:01:00.820000,POINT (127.0318981 37.6108456)
168,37.6108456,127.0318981,18,,,WIFI,2020-11-01T02:54:17.105Z,0.0,2020-11-01 02:54:17.105000+00:00,0 days 00:01:05.036000,POINT (127.0318981 37.6108456)
169,37.6108456,127.0318981,18,,,WIFI,2020-11-01T03:00:00.009Z,2.0,2020-11-01 03:00:00.009000+00:00,0 days 00:05:42.904000,POINT (127.0318981 37.6108456)
170,37.6108456,127.0318981,18,,,WIFI,2020-11-01T03:08:44.167Z,1.0,2020-11-01 03:08:44.167000+00:00,0 days 00:08:44.158000,POINT (127.0318981 37.6108456)
171,37.6108456,127.0318981,18,,,WIFI,2020-11-01T03:10:37.216Z,0.0,2020-11-01 03:10:37.216000+00:00,0 days 00:01:53.049000,POINT (127.0318981 37.6108456)
172,37.6108489,127.0318824,24,,,WIFI,2020-11-01T03:10:59.106Z,0.0,2020-11-01 03:10:59.106000+00:00,0 days 00:00:21.890000,POINT (127.0318824 37.6108489)
173,37.6108489,127.0318824,24,,,WIFI,2020-11-01T03:11:37.772Z,1.0,2020-11-01 03:11:37.772000+00:00,0 days 00:00:38.666000,POINT (127.0318824 37.6108489)
174,37.6108535,127.0318635,18,,,WIFI,2020-11-01T03:11:54.157Z,0.0,2020-11-01 03:11:54.157000+00:00,0 days 00:00:16.385000,POINT (127.0318635 37.6108535)
175,37.6108019,127.0320002,16,,,WIFI,2020-11-01T03:12:17.536Z,0.0,2020-11-01 03:12:17.536000+00:00,0 days 00:00:23.379000,POINT (127.0320002 37.6108019)
176,37.6108019,127.0320002,16,,,WIFI,2020-11-01T03:12:33.720Z,2.0,2020-11-01 03:12:33.720000+00:00,0 days 00:00:16.184000,POINT (127.0320002 37.6108019)
177,37.6099386,127.0321596,22,,,WIFI,2020-11-01T03:13:44.726Z,1.0,2020-11-01 03:13:44.726000+00:00,0 days 00:01:11.006000,POINT (127.0321596 37.6099386)
178,37.6099935,127.0317919,9,,,GPS,2020-11-01T03:14:15Z,1.0,2020-11-01 03:14:15+00:00,0 days 00:00:30.274000,POINT (127.0317919 37.6099935)
179,37.6096199,127.031125,7,,,GPS,2020-11-01T03:14:30Z,0.0,2020-11-01 03:14:30+00:00,0 days 00:00:15,POINT (127.031125 37.6096199)
180,37.6095672,127.0310554,19,,,WIFI,2020-11-01T03:14:48.824Z,1.0,2020-11-01 03:14:48.824000+00:00,0 days 00:00:18.824000,POINT (127.0310554 37.6095672)
181,37.6065544,127.0276579,25,,,WIFI,2020-11-01T03:16:49.719Z,2.0,2020-11-01 03:16:49.719000+00:00,0 days 00:02:00.895000,POINT (127.0276579 37.6065544)
182,37.6037965,127.0246146,27,,,WIFI,2020-11-01T03:18:50.763Z,4.0,2020-11-01 03:18:50.763000+00:00,0 days 00:02:01.044000,POINT (127.0246146 37.6037965)
183,37.5967831,127.0213642,26,,,WIFI,2020-11-01T03:20:55.504Z,2.0,2020-11-01 03:20:55.504000+00:00,0 days 00:02:04.741000,POINT (127.0213642 37.5967831)
184,37.5905641,127.010895,18,,,WIFI,2020-11-01T03:23:01.395Z,2.0,2020-11-01 03:23:01.395000+00:00,0 days 00:02:05.891000,POINT (127.010895 37.5905641)
185,37.5882072,127.0049041,39,,,WIFI,2020-11-01T03:25:02.907Z,5.0,2020-11-01 03:25:02.907000+00:00,0 days 00:02:01.512000,POINT (127.0049041 37.5882072)
186,37.5842843,127.0001053,16,,,WIFI,2020-11-01T03:27:02.627Z,4.0,2020-11-01 03:27:02.627000+00:00,0 days 00:01:59.720000,POINT (127.0001053 37.5842843)
187,37.5809119,126.9966972,87,,,WIFI,2020-11-01T03:29:03.578Z,2.0,2020-11-01 03:29:03.578000+00:00,0 days 00:02:00.951000,POINT (126.9966972 37.5809119)
188,37.5770728,127.0046348,3099,,,CELL,2020-11-01T03:31:03.316Z,2.0,2020-11-01 03:31:03.316000+00:00,0 days 00:01:59.738000,POINT (127.0046348 37.5770728)
189,37.5772284,126.9885776,33,,,WIFI,2020-11-01T03:33:08.345Z,2.0,2020-11-01 03:33:08.345000+00:00,0 days 00:02:05.029000,POINT (126.9885776 37.5772284)
190,37.5755589,126.9834761,50,,,WIFI,2020-11-01T03:35:09.355Z,2.0,2020-11-01 03:35:09.355000+00:00,0 days 00:02:01.010000,POINT (126.9834761 37.5755589)
191,37.5729488,126.9831057,36,,,WIFI,2020-11-01T03:37:10.358Z,3.0,2020-11-01 03:37:10.358000+00:00,0 days 00:02:01.003000,POINT (126.9831057 37.5729488)
192,37.5699987,126.9827371,42,,,WIFI,2020-11-01T03:39:11.937Z,4.0,2020-11-01 03:39:11.937000+00:00,0 days 00:02:01.579000,POINT (126.9827371 37.5699987)
193,37.5636657,126.9756654,22,,,WIFI,2020-11-01T03:41:20.006Z,1.0,2020-11-01 03:41:20.006000+00:00,0 days 00:02:08.069000,POINT (126.9756654 37.5636657)
194,37.5615029,126.9680373,49,,,WIFI,2020-11-01T03:43:19.451Z,2.0,2020-11-01 03:43:19.451000+00:00,0 days 00:01:59.445000,POINT (126.9680373 37.5615029)
195,37.5591665,126.96298,27,,,WIFI,2020-11-01T03:45:20.448Z,7.0,2020-11-01 03:45:20.448000+00:00,0 days 00:02:00.997000,POINT (126.96298 37.5591665)
196,37.5574874,126.9571986,26,,,WIFI,2020-11-01T03:47:21.532Z,2.0,2020-11-01 03:47:21.532000+00:00,0 days 00:02:01.084000,POINT (126.9571986 37.5574874)
197,37.5572057,126.9530412,20,,,WIFI,2020-11-01T03:49:23.115Z,2.0,2020-11-01 03:49:23.115000+00:00,0 days 00:02:01.583000,POINT (126.9530412 37.5572057)
198,37.5568269,126.9466139,15,,,WIFI,2020-11-01T03:51:25.648Z,2.0,2020-11-01 03:51:25.648000+00:00,0 days 00:02:02.533000,POINT (126.9466139 37.5568269)
199,37.557534,126.9428918,15,,,WIFI,2020-11-01T03:55:06.633Z,8.0,2020-11-01 03:55:06.633000+00:00,0 days 00:03:40.985000,POINT (126.9428918 37.557534)
200,37.556738,126.9431911,1399,,,CELL,2020-11-01T03:55:21.904Z,3.0,2020-11-01 03:55:21.904000+00:00,0 days 00:00:15.271000,POINT (126.9431911 37.556738)
201,37.5584387,126.9426783,32,,,WIFI,2020-11-01T03:55:48.274Z,1.0,2020-11-01 03:55:48.274000+00:00,0 days 00:00:26.370000,POINT (126.9426783 37.5584387)
202,37.5584474,126.9427762,43,,,WIFI,2020-11-01T03:56:07.395Z,3.0,2020-11-01 03:56:07.395000+00:00,0 days 00:00:19.121000,POINT (126.9427762 37.5584474)
203,37.5590822,126.9414716,17,,,WIFI,2020-11-01T03:58:00.947Z,1.0,2020-11-01 03:58:00.947000+00:00,0 days 00:01:53.552000,POINT (126.9414716 37.5590822)
204,37.5588901,126.9391269,41,,,WIFI,2020-11-01T04:00:01.485Z,3.0,2020-11-01 04:00:01.485000+00:00,0 days 00:02:00.538000,POINT (126.9391269 37.5588901)
205,37.5578851,126.9369749,11,,,WIFI,2020-11-01T04:03:08.482Z,1.0,2020-11-01 04:03:08.482000+00:00,0 days 00:03:06.997000,POINT (126.9369749 37.5578851)
206,37.5578916,126.9369569,11,,,WIFI,2020-11-01T04:03:59.693Z,1.0,2020-11-01 04:03:59.693000+00:00,0 days 00:00:51.211000,POINT (126.9369569 37.5578916)
207,37.5578916,126.9369569,44,,,WIFI,2020-11-01T04:04:21.987Z,1.0,2020-11-01 04:04:21.987000+00:00,0 days 00:00:22.294000,POINT (126.9369569 37.5578916)
208,37.5584798,126.9368087,1299,,,CELL,2020-11-01T04:06:23.027Z,4.0,2020-11-01 04:06:23.027000+00:00,0 days 00:02:01.040000,POINT (126.9368087 37.5584798)
209,37.5608774,126.9370616,37,,,WIFI,2020-11-01T04:08:37.539Z,3.0,2020-11-01 04:08:37.539000+00:00,0 days 00:02:14.512000,POINT (126.9370616 37.5608774)
210,37.5608712,126.9367435,29,,,WIFI,2020-11-01T04:11:08.064Z,2.0,2020-11-01 04:11:08.064000+00:00,0 days 00:02:30.525000,POINT (126.9367435 37.5608712)
211,37.5615491,126.9365923,18,,,WIFI,2020-11-01T04:13:09.334Z,4.0,2020-11-01 04:13:09.334000+00:00,0 days 00:02:01.270000,POINT (126.9365923 37.5615491)
212,37.5613088,126.9366188,14,,,WIFI,2020-11-01T04:15:10.368Z,3.0,2020-11-01 04:15:10.368000+00:00,0 days 00:02:01.034000,POINT (126.9366188 37.5613088)
213,37.5613086,126.9366155,13,,,WIFI,2020-11-01T04:17:19.293Z,2.0,2020-11-01 04:17:19.293000+00:00,0 days 00:02:08.925000,POINT (126.9366155 37.5613086)
214,37.5613086,126.9366155,13,,,WIFI,2020-11-01T04:19:55.070Z,0.0,2020-11-01 04:19:55.070000+00:00,0 days 00:02:35.777000,POINT (126.9366155 37.5613086)
215,37.5613086,126.9366155,13,,,WIFI,2020-11-01T04:22:19.476Z,3.0,2020-11-01 04:22:19.476000+00:00,0 days 00:02:24.406000,POINT (126.9366155 37.5613086)
216,37.5613086,126.9366155,13,,,WIFI,2020-11-01T04:24:21.224Z,1.0,2020-11-01 04:24:21.224000+00:00,0 days 00:02:01.748000,POINT (126.9366155 37.5613086)
217,37.5613086,126.9366155,13,,,WIFI,2020-11-01T04:32:26.082Z,1.0,2020-11-01 04:32:26.082000+00:00,0 days 00:08:04.858000,POINT (126.9366155 37.5613086)
218,37.5613086,126.9366155,13,,,WIFI,2020-11-01T04:38:44.158Z,0.0,2020-11-01 04:38:44.158000+00:00,0 days 00:06:18.076000,POINT (126.9366155 37.5613086)
219,37.5613086,126.9366155,13,,,WIFI,2020-11-01T04:44:44.210Z,0.0,2020-11-01 04:44:44.210000+00:00,0 days 00:06:00.052000,POINT (126.9366155 37.5613086)
220,37.5613086,126.9366155,13,,,WIFI,2020-11-01T04:50:09.114Z,0.0,2020-11-01 04:50:09.114000+00:00,0 days 00:05:24.904000,POINT (126.9366155 37.5613086)
221,37.5613299,126.9365895,13,,,WIFI,2020-11-01T05:02:09.744Z,0.0,2020-11-01 05:02:09.744000+00:00,0 days 00:12:00.630000,POINT (126.9365895 37.5613299)
222,37.5613299,126.9365895,13,,,WIFI,2020-11-01T05:07:11.986Z,0.0,2020-11-01 05:07:11.986000+00:00,0 days 00:05:02.242000,POINT (126.9365895 37.5613299)
223,37.5613168,126.9366033,15,,,WIFI,2020-11-01T05:15:12.906Z,0.0,2020-11-01 05:15:12.906000+00:00,0 days 00:08:00.920000,POINT (126.9366033 37.5613168)
224,37.5613169,126.9365991,14,,,WIFI,2020-11-01T05:42:57.837Z,0.0,2020-11-01 05:42:57.837000+00:00,0 days 00:27:44.931000,POINT (126.9365991 37.5613169)
225,37.5613169,126.9365991,14,,,WIFI,2020-11-01T05:44:00.412Z,1.0,2020-11-01 05:44:00.412000+00:00,0 days 00:01:02.575000,POINT (126.9365991 37.5613169)
226,37.5613169,126.9365991,14,,,WIFI,2020-11-01T05:46:02.381Z,0.0,2020-11-01 05:46:02.381000+00:00,0 days 00:02:01.969000,POINT (126.9365991 37.5613169)
227,37.5613169,126.9365991,14,,,WIFI,2020-11-01T05:52:58.325Z,0.0,2020-11-01 05:52:58.325000+00:00,0 days 00:06:55.944000,POINT (126.9365991 37.5613169)
228,37.5613243,126.9365958,14,,,WIFI,2020-11-01T05:54:01.331Z,1.0,2020-11-01 05:54:01.331000+00:00,0 days 00:01:03.006000,POINT (126.9365958 37.5613243)
229,37.5613264,126.936591,14,,,WIFI,2020-11-01T05:54:33.248Z,0.0,2020-11-01 05:54:33.248000+00:00,0 days 00:00:31.917000,POINT (126.936591 37.5613264)
230,37.5613132,126.9366126,15,,,WIFI,2020-11-01T05:54:50.714Z,0.0,2020-11-01 05:54:50.714000+00:00,0 days 00:00:17.466000,POINT (126.9366126 37.5613132)
231,37.5613131,126.9366044,15,,,WIFI,2020-11-01T06:00:01.637Z,0.0,2020-11-01 06:00:01.637000+00:00,0 days 00:05:10.923000,POINT (126.9366044 37.5613131)
232,37.5617579,126.936493,13,,,WIFI,2020-11-01T06:08:51.777Z,4.0,2020-11-01 06:08:51.777000+00:00,0 days 00:08:50.140000,POINT (126.936493 37.5617579)
233,37.5617625,126.9364931,11,,,WIFI,2020-11-01T06:09:11.770Z,2.0,2020-11-01 06:09:11.770000+00:00,0 days 00:00:19.993000,POINT (126.9364931 37.5617625)
234,37.5617481,126.9365054,13,,,WIFI,2020-11-01T06:11:57.261Z,1.0,2020-11-01 06:11:57.261000+00:00,0 days 00:02:45.491000,POINT (126.9365054 37.5617481)
235,37.5617614,126.9365038,14,,,WIFI,2020-11-01T06:12:22.480Z,1.0,2020-11-01 06:12:22.480000+00:00,0 days 00:00:25.219000,POINT (126.9365038 37.5617614)
236,37.5617614,126.9365038,14,,,WIFI,2020-11-01T06:14:22.555Z,1.0,2020-11-01 06:14:22.555000+00:00,0 days 00:02:00.075000,POINT (126.9365038 37.5617614)
237,37.5617614,126.9365038,14,,,WIFI,2020-11-01T06:15:23.461Z,1.0,2020-11-01 06:15:23.461000+00:00,0 days 00:01:00.906000,POINT (126.9365038 37.5617614)
238,37.5617614,126.9365038,14,,,WIFI,2020-11-01T06:15:41.683Z,1.0,2020-11-01 06:15:41.683000+00:00,0 days 00:00:18.222000,POINT (126.9365038 37.5617614)
239,37.5613319,126.9365865,13,,,WIFI,2020-11-01T06:17:48.474Z,1.0,2020-11-01 06:17:48.474000+00:00,0 days 00:02:06.791000,POINT (126.9365865 37.5613319)
240,37.5613319,126.9365865,13,,,WIFI,2020-11-01T06:19:48.653Z,3.0,2020-11-01 06:19:48.653000+00:00,0 days 00:02:00.179000,POINT (126.9365865 37.5613319)
241,37.5613281,126.9365882,13,,,WIFI,2020-11-01T06:21:50.157Z,2.0,2020-11-01 06:21:50.157000+00:00,0 days 00:02:01.504000,POINT (126.9365882 37.5613281)
242,37.5613367,126.9365841,13,,,WIFI,2020-11-01T06:24:09.087Z,3.0,2020-11-01 06:24:09.087000+00:00,0 days 00:02:18.930000,POINT (126.9365841 37.5613367)
243,37.5613367,126.9365841,13,,,WIFI,2020-11-01T06:26:11.332Z,1.0,2020-11-01 06:26:11.332000+00:00,0 days 00:02:02.245000,POINT (126.9365841 37.5613367)
244,37.5613367,126.9365841,13,,,WIFI,2020-11-01T06:28:13.060Z,3.0,2020-11-01 06:28:13.060000+00:00,0 days 00:02:01.728000,POINT (126.9365841 37.5613367)
245,37.5613367,126.9365841,13,,,WIFI,2020-11-01T06:31:00.569Z,1.0,2020-11-01 06:31:00.569000+00:00,0 days 00:02:47.509000,POINT (126.9365841 37.5613367)
246,37.5613367,126.9365841,13,,,WIFI,2020-11-01T06:32:07.597Z,1.0,2020-11-01 06:32:07.597000+00:00,0 days 00:01:07.028000,POINT (126.9365841 37.5613367)
247,37.5613367,126.9365841,13,,,WIFI,2020-11-01T06:34:29.083Z,0.0,2020-11-01 06:34:29.083000+00:00,0 days 00:02:21.486000,POINT (126.9365841 37.5613367)
248,37.5613367,126.9365841,13,,,WIFI,2020-11-01T06:41:47.068Z,1.0,2020-11-01 06:41:47.068000+00:00,0 days 00:07:17.985000,POINT (126.9365841 37.5613367)
249,37.5613367,126.9365841,13,,,WIFI,2020-11-01T06:50:49.075Z,0.0,2020-11-01 06:50:49.075000+00:00,0 days 00:09:02.007000,POINT (126.9365841 37.5613367)
250,37.5613367,126.9365841,13,,,WIFI,2020-11-01T06:58:00.062Z,0.0,2020-11-01 06:58:00.062000+00:00,0 days 00:07:10.987000,POINT (126.9365841 37.5613367)
251,37.5613367,126.9365841,13,,,WIFI,2020-11-01T07:03:41.073Z,0.0,2020-11-01 07:03:41.073000+00:00,0 days 00:05:41.011000,POINT (126.9365841 37.5613367)
252,37.5613367,126.9365841,13,,,WIFI,2020-11-01T07:10:14.079Z,0.0,2020-11-01 07:10:14.079000+00:00,0 days 00:06:33.006000,POINT (126.9365841 37.5613367)
253,37.5613367,126.9365841,13,,,WIFI,2020-11-01T07:17:01.242Z,0.0,2020-11-01 07:17:01.242000+00:00,0 days 00:06:47.163000,POINT (126.9365841 37.5613367)
254,37.5613084,126.9366288,17,,,WIFI,2020-11-01T07:27:09.908Z,1.0,2020-11-01 07:27:09.908000+00:00,0 days 00:10:08.666000,POINT (126.9366288 37.5613084)
255,37.5613084,126.9366288,17,,,WIFI,2020-11-01T07:54:10.107Z,0.0,2020-11-01 07:54:10.107000+00:00,0 days 00:27:00.199000,POINT (126.9366288 37.5613084)
256,37.5613158,126.9366266,13,,,WIFI,2020-11-01T07:54:26.485Z,1.0,2020-11-01 07:54:26.485000+00:00,0 days 00:00:16.378000,POINT (126.9366266 37.5613158)
257,37.5613135,126.9366259,14,,,WIFI,2020-11-01T08:07:48.999Z,1.0,2020-11-01 08:07:48.999000+00:00,0 days 00:13:22.514000,POINT (126.9366259 37.5613135)
258,37.5613135,126.9366259,14,,,WIFI,2020-11-01T08:13:51.080Z,0.0,2020-11-01 08:13:51.080000+00:00,0 days 00:06:02.081000,POINT (126.9366259 37.5613135)
259,37.5613129,126.9366338,13,,,WIFI,2020-11-01T08:19:54.712Z,0.0,2020-11-01 08:19:54.712000+00:00,0 days 00:06:03.632000,POINT (126.9366338 37.5613129)
260,37.5612979,126.9366297,15,,,WIFI,2020-11-01T08:24:15.732Z,0.0,2020-11-01 08:24:15.732000+00:00,0 days 00:04:21.020000,POINT (126.9366297 37.5612979)
261,37.5612979,126.9366297,15,,,WIFI,2020-11-01T08:29:54.710Z,0.0,2020-11-01 08:29:54.710000+00:00,0 days 00:05:38.978000,POINT (126.9366297 37.5612979)
262,37.5613075,126.9366233,15,,,WIFI,2020-11-01T08:34:30.684Z,0.0,2020-11-01 08:34:30.684000+00:00,0 days 00:04:35.974000,POINT (126.9366233 37.5613075)
263,37.5613075,126.9366233,15,,,WIFI,2020-11-01T08:39:54.682Z,0.0,2020-11-01 08:39:54.682000+00:00,0 days 00:05:23.998000,POINT (126.9366233 37.5613075)
264,37.5613075,126.9366233,15,,,WIFI,2020-11-01T08:44:56.999Z,0.0,2020-11-01 08:44:56.999000+00:00,0 days 00:05:02.317000,POINT (126.9366233 37.5613075)
265,37.5613119,126.9366302,16,,,WIFI,2020-11-01T08:52:26.446Z,0.0,2020-11-01 08:52:26.446000+00:00,0 days 00:07:29.447000,POINT (126.9366302 37.5613119)
266,37.5613119,126.9366302,16,,,WIFI,2020-11-01T08:59:55.078Z,0.0,2020-11-01 08:59:55.078000+00:00,0 days 00:07:28.632000,POINT (126.9366302 37.5613119)
267,37.5613119,126.9366302,16,,,WIFI,2020-11-01T09:04:57.181Z,0.0,2020-11-01 09:04:57.181000+00:00,0 days 00:05:02.103000,POINT (126.9366302 37.5613119)
268,37.5613119,126.9366302,16,,,WIFI,2020-11-01T09:09:59.067Z,0.0,2020-11-01 09:09:59.067000+00:00,0 days 00:05:01.886000,POINT (126.9366302 37.5613119)
269,37.5613119,126.9366302,16,,,WIFI,2020-11-01T09:13:09.761Z,0.0,2020-11-01 09:13:09.761000+00:00,0 days 00:03:10.694000,POINT (126.9366302 37.5613119)
270,37.5613114,126.9366249,17,,,WIFI,2020-11-01T09:13:29.150Z,0.0,2020-11-01 09:13:29.150000+00:00,0 days 00:00:19.389000,POINT (126.9366249 37.5613114)
271,37.5613114,126.9366249,17,,,WIFI,2020-11-01T09:19:59.207Z,0.0,2020-11-01 09:19:59.207000+00:00,0 days 00:06:30.057000,POINT (126.9366249 37.5613114)
272,37.5613114,126.9366249,17,,,WIFI,2020-11-01T09:24:59.299Z,0.0,2020-11-01 09:24:59.299000+00:00,0 days 00:05:00.092000,POINT (126.9366249 37.5613114)
273,37.5613114,126.9366249,17,,,WIFI,2020-11-01T09:29:59.362Z,0.0,2020-11-01 09:29:59.362000+00:00,0 days 00:05:00.063000,POINT (126.9366249 37.5613114)
274,37.5613114,126.9366249,17,,,WIFI,2020-11-01T09:34:59.407Z,0.0,2020-11-01 09:34:59.407000+00:00,0 days 00:05:00.045000,POINT (126.9366249 37.5613114)
275,37.5613114,126.9366249,17,,,WIFI,2020-11-01T09:39:59.474Z,0.0,2020-11-01 09:39:59.474000+00:00,0 days 00:05:00.067000,POINT (126.9366249 37.5613114)
276,37.5613114,126.9366249,17,,,WIFI,2020-11-01T09:44:59.562Z,0.0,2020-11-01 09:44:59.562000+00:00,0 days 00:05:00.088000,POINT (126.9366249 37.5613114)
277,37.5613114,126.9366249,17,,,WIFI,2020-11-01T09:49:59.578Z,1.0,2020-11-01 09:49:59.578000+00:00,0 days 00:05:00.016000,POINT (126.9366249 37.5613114)
278,37.5613114,126.9366249,17,,,WIFI,2020-11-01T09:56:07.076Z,0.0,2020-11-01 09:56:07.076000+00:00,0 days 00:06:07.498000,POINT (126.9366249 37.5613114)
279,37.5613114,126.9366249,17,,,WIFI,2020-11-01T10:01:38.061Z,0.0,2020-11-01 10:01:38.061000+00:00,0 days 00:05:30.985000,POINT (126.9366249 37.5613114)
280,37.5613114,126.9366249,17,,,WIFI,2020-11-01T10:06:38.102Z,1.0,2020-11-01 10:06:38.102000+00:00,0 days 00:05:00.041000,POINT (126.9366249 37.5613114)
281,37.5613172,126.9365979,18,,,WIFI,2020-11-01T10:07:03.942Z,1.0,2020-11-01 10:07:03.942000+00:00,0 days 00:00:25.840000,POINT (126.9365979 37.5613172)
282,37.5613172,126.9365979,18,,,WIFI,2020-11-01T10:17:08.066Z,0.0,2020-11-01 10:17:08.066000+00:00,0 days 00:10:04.124000,POINT (126.9365979 37.5613172)
283,37.5613244,126.9365944,17,,,WIFI,2020-11-01T10:19:06.081Z,0.0,2020-11-01 10:19:06.081000+00:00,0 days 00:01:58.015000,POINT (126.9365944 37.5613244)
284,37.5613244,126.9365944,17,,,WIFI,2020-11-01T10:24:15.093Z,0.0,2020-11-01 10:24:15.093000+00:00,0 days 00:05:09.012000,POINT (126.9365944 37.5613244)
285,37.5613244,126.9365944,17,,,WIFI,2020-11-01T10:29:58.641Z,1.0,2020-11-01 10:29:58.641000+00:00,0 days 00:05:43.548000,POINT (126.9365944 37.5613244)
286,37.5613014,126.936619,21,,,WIFI,2020-11-01T10:30:38.770Z,0.0,2020-11-01 10:30:38.770000+00:00,0 days 00:00:40.129000,POINT (126.936619 37.5613014)
287,37.5613014,126.936619,21,,,WIFI,2020-11-01T10:31:11.556Z,1.0,2020-11-01 10:31:11.556000+00:00,0 days 00:00:32.786000,POINT (126.936619 37.5613014)
288,37.5613014,126.936619,21,,,WIFI,2020-11-01T10:33:00.850Z,1.0,2020-11-01 10:33:00.850000+00:00,0 days 00:01:49.294000,POINT (126.936619 37.5613014)
289,37.5613014,126.936619,21,,,WIFI,2020-11-01T10:35:19.061Z,3.0,2020-11-01 10:35:19.061000+00:00,0 days 00:02:18.211000,POINT (126.936619 37.5613014)
290,37.5613956,126.9365698,15,,,WIFI,2020-11-01T10:37:24.863Z,3.0,2020-11-01 10:37:24.863000+00:00,0 days 00:02:05.802000,POINT (126.9365698 37.5613956)
291,37.561425,126.9365734,17,,,WIFI,2020-11-01T10:39:26.168Z,2.0,2020-11-01 10:39:26.168000+00:00,0 days 00:02:01.305000,POINT (126.9365734 37.561425)
292,37.561436,126.936581,16,,,WIFI,2020-11-01T10:41:27.236Z,2.0,2020-11-01 10:41:27.236000+00:00,0 days 00:02:01.068000,POINT (126.936581 37.561436)
293,37.5614342,126.9365774,16,,,WIFI,2020-11-01T10:43:28.259Z,2.0,2020-11-01 10:43:28.259000+00:00,0 days 00:02:01.023000,POINT (126.9365774 37.5614342)
294,37.5614301,126.9365636,16,,,WIFI,2020-11-01T10:45:29.283Z,1.0,2020-11-01 10:45:29.283000+00:00,0 days 00:02:01.024000,POINT (126.9365636 37.5614301)
295,37.5614301,126.9365636,16,,,WIFI,2020-11-01T10:47:29.632Z,0.0,2020-11-01 10:47:29.632000+00:00,0 days 00:02:00.349000,POINT (126.9365636 37.5614301)
296,37.5614301,126.9365636,16,,,WIFI,2020-11-01T10:49:33.461Z,4.0,2020-11-01 10:49:33.461000+00:00,0 days 00:02:03.829000,POINT (126.9365636 37.5614301)
297,37.5614301,126.9365636,16,,,WIFI,2020-11-01T10:51:35.099Z,2.0,2020-11-01 10:51:35.099000+00:00,0 days 00:02:01.638000,POINT (126.9365636 37.5614301)
298,37.5614301,126.9365636,16,,,WIFI,2020-11-01T10:53:45.077Z,3.0,2020-11-01 10:53:45.077000+00:00,0 days 00:02:09.978000,POINT (126.9365636 37.5614301)
299,37.5614301,126.9365636,16,,,WIFI,2020-11-01T10:55:47.060Z,1.0,2020-11-01 10:55:47.060000+00:00,0 days 00:02:01.983000,POINT (126.9365636 37.5614301)
300,37.5613257,126.9366161,16,,,WIFI,2020-11-01T10:56:28.776Z,3.0,2020-11-01 10:56:28.776000+00:00,0 days 00:00:41.716000,POINT (126.9366161 37.5613257)
301,37.5615907,126.9366087,12,,,WIFI,2020-11-01T10:58:50.170Z,2.0,2020-11-01 10:58:50.170000+00:00,0 days 00:02:21.394000,POINT (126.9366087 37.5615907)
302,37.5613207,126.9366126,18,,,WIFI,2020-11-01T11:00:13.427Z,3.0,2020-11-01 11:00:13.427000+00:00,0 days 00:01:23.257000,POINT (126.9366126 37.5613207)
303,37.5612971,126.9366398,15,,,WIFI,2020-11-01T11:09:13.762Z,4.0,2020-11-01 11:09:13.762000+00:00,0 days 00:09:00.335000,POINT (126.9366398 37.5612971)
304,37.5613187,126.9366082,14,,,WIFI,2020-11-01T11:11:13.412Z,0.0,2020-11-01 11:11:13.412000+00:00,0 days 00:01:59.650000,POINT (126.9366082 37.5613187)
305,37.5613187,126.9366082,14,,,WIFI,2020-11-01T11:17:01.069Z,0.0,2020-11-01 11:17:01.069000+00:00,0 days 00:05:47.657000,POINT (126.9366082 37.5613187)
306,37.5613187,126.9366082,14,,,WIFI,2020-11-01T11:22:10.072Z,1.0,2020-11-01 11:22:10.072000+00:00,0 days 00:05:09.003000,POINT (126.9366082 37.5613187)
307,37.5613255,126.9365925,14,,,WIFI,2020-11-01T11:28:33.070Z,0.0,2020-11-01 11:28:33.070000+00:00,0 days 00:06:22.998000,POINT (126.9365925 37.5613255)
308,37.5613228,126.9365919,14,,,WIFI,2020-11-01T11:37:12.732Z,0.0,2020-11-01 11:37:12.732000+00:00,0 days 00:08:39.662000,POINT (126.9365919 37.5613228)
309,37.5613228,126.9365919,14,,,WIFI,2020-11-01T11:42:58.090Z,0.0,2020-11-01 11:42:58.090000+00:00,0 days 00:05:45.358000,POINT (126.9365919 37.5613228)
310,37.5613023,126.9366255,16,,,WIFI,2020-11-01T11:58:09.748Z,0.0,2020-11-01 11:58:09.748000+00:00,0 days 00:15:11.658000,POINT (126.9366255 37.5613023)
311,37.5613023,126.9366255,16,,,WIFI,2020-11-01T12:03:46.065Z,0.0,2020-11-01 12:03:46.065000+00:00,0 days 00:05:36.317000,POINT (126.9366255 37.5613023)
312,37.56132,126.9365898,13,,,WIFI,2020-11-01T12:04:23.438Z,0.0,2020-11-01 12:04:23.438000+00:00,0 days 00:00:37.373000,POINT (126.9365898 37.56132)
313,37.5613183,126.9365989,14,,,WIFI,2020-11-01T12:13:32.351Z,0.0,2020-11-01 12:13:32.351000+00:00,0 days 00:09:08.913000,POINT (126.9365989 37.5613183)
314,37.5613263,126.9365947,13,,,WIFI,2020-11-01T12:15:01.298Z,0.0,2020-11-01 12:15:01.298000+00:00,0 days 00:01:28.947000,POINT (126.9365947 37.5613263)
315,37.5613263,126.9365947,13,,,WIFI,2020-11-01T12:20:08.115Z,0.0,2020-11-01 12:20:08.115000+00:00,0 days 00:05:06.817000,POINT (126.9365947 37.5613263)
316,37.5613282,126.9365772,16,,,WIFI,2020-11-01T12:25:07.392Z,0.0,2020-11-01 12:25:07.392000+00:00,0 days 00:04:59.277000,POINT (126.9365772 37.5613282)
317,37.5613282,126.9365772,16,,,WIFI,2020-11-01T12:30:09.130Z,0.0,2020-11-01 12:30:09.130000+00:00,0 days 00:05:01.738000,POINT (126.9365772 37.5613282)
318,37.5613282,126.9365772,16,,,WIFI,2020-11-01T12:35:09.411Z,0.0,2020-11-01 12:35:09.411000+00:00,0 days 00:05:00.281000,POINT (126.9365772 37.5613282)
319,37.5613044,126.9366118,14,,,WIFI,2020-11-01T12:44:12.393Z,0.0,2020-11-01 12:44:12.393000+00:00,0 days 00:09:02.982000,POINT (126.9366118 37.5613044)
320,37.5613044,126.9366118,14,,,WIFI,2020-11-01T12:45:01.071Z,0.0,2020-11-01 12:45:01.071000+00:00,0 days 00:00:48.678000,POINT (126.9366118 37.5613044)
321,37.5613071,126.9366309,14,,,WIFI,2020-11-01T12:51:02.708Z,0.0,2020-11-01 12:51:02.708000+00:00,0 days 00:06:01.637000,POINT (126.9366309 37.5613071)
322,37.5613071,126.9366309,14,,,WIFI,2020-11-01T12:56:06.993Z,0.0,2020-11-01 12:56:06.993000+00:00,0 days 00:05:04.285000,POINT (126.9366309 37.5613071)
323,37.5613182,126.9366131,14,,,WIFI,2020-11-01T13:08:08.750Z,0.0,2020-11-01 13:08:08.750000+00:00,0 days 00:12:01.757000,POINT (126.9366131 37.5613182)
324,37.5613182,126.9366131,14,,,WIFI,2020-11-01T13:13:09.491Z,0.0,2020-11-01 13:13:09.491000+00:00,0 days 00:05:00.741000,POINT (126.9366131 37.5613182)
325,37.5613233,126.9365919,11,,,WIFI,2020-11-01T13:27:01.402Z,0.0,2020-11-01 13:27:01.402000+00:00,0 days 00:13:51.911000,POINT (126.9365919 37.5613233)
326,37.5613233,126.9365919,11,,,WIFI,2020-11-01T13:32:33.105Z,0.0,2020-11-01 13:32:33.105000+00:00,0 days 00:05:31.703000,POINT (126.9365919 37.5613233)
327,37.5613105,126.9366129,14,,,WIFI,2020-11-01T13:37:58.078Z,0.0,2020-11-01 13:37:58.078000+00:00,0 days 00:05:24.973000,POINT (126.9366129 37.5613105)
328,37.5613275,126.9365912,14,,,WIFI,2020-11-01T13:45:09.747Z,0.0,2020-11-01 13:45:09.747000+00:00,0 days 00:07:11.669000,POINT (126.9365912 37.5613275)
329,37.5613155,126.9366068,14,,,WIFI,2020-11-01T13:53:08.403Z,0.0,2020-11-01 13:53:08.403000+00:00,0 days 00:07:58.656000,POINT (126.9366068 37.5613155)
330,37.5613866,126.9366033,17,,,WIFI,2020-11-01T13:56:42.489Z,1.0,2020-11-01 13:56:42.489000+00:00,0 days 00:03:34.086000,POINT (126.9366033 37.5613866)
331,37.5618085,126.9365234,14,,,WIFI,2020-11-01T13:59:16.203Z,3.0,2020-11-01 13:59:16.203000+00:00,0 days 00:02:33.714000,POINT (126.9365234 37.5618085)
332,37.5613267,126.9366111,14,,,WIFI,2020-11-01T14:01:17.180Z,3.0,2020-11-01 14:01:17.180000+00:00,0 days 00:02:00.977000,POINT (126.9366111 37.5613267)
333,37.5613073,126.9366315,15,,,WIFI,2020-11-01T14:02:58.049Z,3.0,2020-11-01 14:02:58.049000+00:00,0 days 00:01:40.869000,POINT (126.9366315 37.5613073)
334,37.5613286,126.936589,14,,,WIFI,2020-11-01T14:05:01.978Z,1.0,2020-11-01 14:05:01.978000+00:00,0 days 00:02:03.929000,POINT (126.936589 37.5613286)
335,37.561317,126.9365981,15,,,WIFI,2020-11-01T14:06:41.096Z,1.0,2020-11-01 14:06:41.096000+00:00,0 days 00:01:39.118000,POINT (126.9365981 37.561317)
336,37.5613107,126.9366132,15,,,WIFI,2020-11-01T14:07:08.414Z,3.0,2020-11-01 14:07:08.414000+00:00,0 days 00:00:27.318000,POINT (126.9366132 37.5613107)
337,37.5613259,126.9365997,16,,,WIFI,2020-11-01T14:08:50.727Z,3.0,2020-11-01 14:08:50.727000+00:00,0 days 00:01:42.313000,POINT (126.9365997 37.5613259)
338,37.5613259,126.9365997,16,,,WIFI,2020-11-01T14:11:00.032Z,3.0,2020-11-01 14:11:00.032000+00:00,0 days 00:02:09.305000,POINT (126.9365997 37.5613259)
339,37.5613259,126.9365997,16,,,WIFI,2020-11-01T14:13:08.094Z,2.0,2020-11-01 14:13:08.094000+00:00,0 days 00:02:08.062000,POINT (126.9365997 37.5613259)
340,37.5613259,126.9365997,16,,,WIFI,2020-11-01T14:15:08.997Z,2.0,2020-11-01 14:15:08.997000+00:00,0 days 00:02:00.903000,POINT (126.9365997 37.5613259)
341,37.5613259,126.9365997,16,,,WIFI,2020-11-01T14:17:14.083Z,2.0,2020-11-01 14:17:14.083000+00:00,0 days 00:02:05.086000,POINT (126.9365997 37.5613259)
342,37.5613259,126.9365997,16,,,WIFI,2020-11-01T14:19:22.094Z,1.0,2020-11-01 14:19:22.094000+00:00,0 days 00:02:08.011000,POINT (126.9365997 37.5613259)
343,37.5613259,126.9365997,16,,,WIFI,2020-11-01T14:20:27.238Z,1.0,2020-11-01 14:20:27.238000+00:00,0 days 00:01:05.144000,POINT (126.9365997 37.5613259)
344,37.5613259,126.9365997,16,,,WIFI,2020-11-01T14:23:00.357Z,0.0,2020-11-01 14:23:00.357000+00:00,0 days 00:02:33.119000,POINT (126.9365997 37.5613259)
345,37.5613259,126.9365997,16,,,WIFI,2020-11-01T14:27:57.078Z,1.0,2020-11-01 14:27:57.078000+00:00,0 days 00:04:56.721000,POINT (126.9365997 37.5613259)
346,37.5613259,126.9365997,16,,,WIFI,2020-11-01T14:32:09.074Z,0.0,2020-11-01 14:32:09.074000+00:00,0 days 00:04:11.996000,POINT (126.9365997 37.5613259)
347,37.5613259,126.9365997,16,,,WIFI,2020-11-01T14:39:04.090Z,1.0,2020-11-01 14:39:04.090000+00:00,0 days 00:06:55.016000,POINT (126.9365997 37.5613259)
348,37.5613259,126.9365997,16,,,WIFI,2020-11-01T14:44:55.084Z,0.0,2020-11-01 14:44:55.084000+00:00,0 days 00:05:50.994000,POINT (126.9365997 37.5613259)
349,37.5613259,126.9365997,16,,,WIFI,2020-11-01T14:54:54.713Z,0.0,2020-11-01 14:54:54.713000+00:00,0 days 00:09:59.629000,POINT (126.9365997 37.5613259)
350,37.5613259,126.9365997,16,,,WIFI,2020-11-01T14:57:57.259Z,0.0,2020-11-01 14:57:57.259000+00:00,0 days 00:03:02.546000,POINT (126.9365997 37.5613259)
351,37.5613133,126.9366091,15,,,WIFI,2020-11-01T14:58:25.973Z,1.0,2020-11-01 14:58:25.973000+00:00,0 days 00:00:28.714000,POINT (126.9366091 37.5613133)
352,37.5614859,126.9365745,77,,,WIFI,2020-11-01T15:00:07.493Z,4.0,2020-11-01 15:00:07.493000+00:00,0 days 00:01:41.520000,POINT (126.9365745 37.5614859)
353,37.5616398,126.936635,10,,,WIFI,2020-11-01T15:00:24.336Z,1.0,2020-11-01 15:00:24.336000+00:00,0 days 00:00:16.843000,POINT (126.936635 37.5616398)
354,37.5617405,126.9366761,11,,,WIFI,2020-11-01T15:00:43.169Z,0.0,2020-11-01 15:00:43.169000+00:00,0 days 00:00:18.833000,POINT (126.9366761 37.5617405)
355,37.5616352,126.9368216,26,,,WIFI,2020-11-01T15:01:12.295Z,1.0,2020-11-01 15:01:12.295000+00:00,0 days 00:00:29.126000,POINT (126.9368216 37.5616352)
356,37.5608768,126.9368249,19,,,WIFI,2020-11-01T15:01:55.375Z,0.0,2020-11-01 15:01:55.375000+00:00,0 days 00:00:43.080000,POINT (126.9368249 37.5608768)
357,37.5608138,126.9367443,17,,,WIFI,2020-11-01T15:02:16.488Z,0.0,2020-11-01 15:02:16.488000+00:00,0 days 00:00:21.113000,POINT (126.9367443 37.5608138)
358,37.5605611,126.9368382,44,,,WIFI,2020-11-01T15:04:24.527Z,3.0,2020-11-01 15:04:24.527000+00:00,0 days 00:02:08.039000,POINT (126.9368382 37.5605611)
359,37.560385,126.9352445,110,,,WIFI,2020-11-01T15:06:25.428Z,2.0,2020-11-01 15:06:25.428000+00:00,0 days 00:02:00.901000,POINT (126.9352445 37.560385)
360,37.5599183,126.9339138,32,,,WIFI,2020-11-01T15:08:26.465Z,2.0,2020-11-01 15:08:26.465000+00:00,0 days 00:02:01.037000,POINT (126.9339138 37.5599183)
361,37.5606006,126.9355827,16,,,WIFI,2020-11-01T15:10:27.485Z,2.0,2020-11-01 15:10:27.485000+00:00,0 days 00:02:01.020000,POINT (126.9355827 37.5606006)
362,37.560941,126.936617,47,,,WIFI,2020-11-01T15:12:28.558Z,2.0,2020-11-01 15:12:28.558000+00:00,0 days 00:02:01.073000,POINT (126.936617 37.560941)
363,37.5589444,126.9429456,67,,,WIFI,2020-11-01T15:14:29.549Z,3.0,2020-11-01 15:14:29.549000+00:00,0 days 00:02:00.991000,POINT (126.9429456 37.5589444)
364,37.5568399,126.9471897,16,,,WIFI,2020-11-01T15:16:30.538Z,2.0,2020-11-01 15:16:30.538000+00:00,0 days 00:02:00.989000,POINT (126.9471897 37.5568399)
365,37.5573325,126.9559488,21,,,WIFI,2020-11-01T15:18:31.586Z,2.0,2020-11-01 15:18:31.586000+00:00,0 days 00:02:01.048000,POINT (126.9559488 37.5573325)
366,37.5583925,126.9606347,104,,,WIFI,2020-11-01T15:20:32.611Z,2.0,2020-11-01 15:20:32.611000+00:00,0 days 00:02:01.025000,POINT (126.9606347 37.5583925)
367,37.5596701,126.9644866,21,,,WIFI,2020-11-01T15:22:33.626Z,1.0,2020-11-01 15:22:33.626000+00:00,0 days 00:02:01.015000,POINT (126.9644866 37.5596701)
368,37.5629042,126.9742388,47,,,WIFI,2020-11-01T15:24:34.645Z,3.0,2020-11-01 15:24:34.645000+00:00,0 days 00:02:01.019000,POINT (126.9742388 37.5629042)
369,37.5641663,126.9795823,27,,,WIFI,2020-11-01T15:26:35.662Z,2.0,2020-11-01 15:26:35.662000+00:00,0 days 00:02:01.017000,POINT (126.9795823 37.5641663)
370,37.5660959,126.9824461,28,,,WIFI,2020-11-01T15:28:36.683Z,2.0,2020-11-01 15:28:36.683000+00:00,0 days 00:02:01.021000,POINT (126.9824461 37.5660959)
371,37.5728877,126.9830836,21,,,WIFI,2020-11-01T15:30:38.765Z,2.0,2020-11-01 15:30:38.765000+00:00,0 days 00:02:02.082000,POINT (126.9830836 37.5728877)
372,37.5761933,126.9847745,12,,,WIFI,2020-11-01T15:32:39.786Z,10.0,2020-11-01 15:32:39.786000+00:00,0 days 00:02:01.021000,POINT (126.9847745 37.5761933)
373,37.5772408,126.9898968,29,,,WIFI,2020-11-01T15:34:41.072Z,0.0,2020-11-01 15:34:41.072000+00:00,0 days 00:02:01.286000,POINT (126.9898968 37.5772408)
374,37.5760541,126.9972546,58,,,WIFI,2020-11-01T15:36:42.111Z,0.0,2020-11-01 15:36:42.111000+00:00,0 days 00:02:01.039000,POINT (126.9972546 37.5760541)
375,37.5836667,126.9995402,17,,,WIFI,2020-11-01T15:38:43.126Z,0.0,2020-11-01 15:38:43.126000+00:00,0 days 00:02:01.015000,POINT (126.9995402 37.5836667)
376,37.5874593,127.0034366,22,,,WIFI,2020-11-01T15:40:44.124Z,0.0,2020-11-01 15:40:44.124000+00:00,0 days 00:02:00.998000,POINT (127.0034366 37.5874593)
377,37.5911215,127.0120275,18,,,WIFI,2020-11-01T15:42:45.142Z,16.0,2020-11-01 15:42:45.142000+00:00,0 days 00:02:01.018000,POINT (127.0120275 37.5911215)
378,37.593364,127.0177242,13,,,WIFI,2020-11-01T15:44:46.193Z,0.0,2020-11-01 15:44:46.193000+00:00,0 days 00:02:01.051000,POINT (127.0177242 37.593364)
379,37.6003477,127.0218899,15,,,WIFI,2020-11-01T15:46:51.924Z,0.0,2020-11-01 15:46:51.924000+00:00,0 days 00:02:05.731000,POINT (127.0218899 37.6003477)
380,37.6066013,127.0280682,12,,,WIFI,2020-11-01T15:48:52.831Z,0.0,2020-11-01 15:48:52.831000+00:00,0 days 00:02:00.907000,POINT (127.0280682 37.6066013)
381,37.6091766,127.0309147,13,,,WIFI,2020-11-01T15:50:53.854Z,0.0,2020-11-01 15:50:53.854000+00:00,0 days 00:02:01.023000,POINT (127.0309147 37.6091766)
382,37.610259,127.0324803,18,,,WIFI,2020-11-01T15:53:01.380Z,2.0,2020-11-01 15:53:01.380000+00:00,0 days 00:02:07.526000,POINT (127.0324803 37.610259)
383,37.6108039,127.0321544,13,,,WIFI,2020-11-01T15:55:02.362Z,2.0,2020-11-01 15:55:02.362000+00:00,0 days 00:02:00.982000,POINT (127.0321544 37.6108039)
384,37.6109486,127.0318307,27,,,WIFI,2020-11-01T15:56:14.190Z,1.0,2020-11-01 15:56:14.190000+00:00,0 days 00:01:11.828000,POINT (127.0318307 37.6109486)
385,37.6108661,127.0318909,20,,,WIFI,2020-11-01T15:57:03.151Z,2.0,2020-11-01 15:57:03.151000+00:00,0 days 00:00:48.961000,POINT (127.0318909 37.6108661)
386,37.6108596,127.0318916,22,,,WIFI,2020-11-01T15:59:08.782Z,1.0,2020-11-01 15:59:08.782000+00:00,0 days 00:02:05.631000,POINT (127.0318916 37.6108596)
387,37.6109054,127.0318894,21,,,WIFI,2020-11-01T16:00:54.380Z,2.0,2020-11-01 16:00:54.380000+00:00,0 days 00:01:45.598000,POINT (127.0318894 37.6109054)
388,37.6108868,127.0318536,20,,,WIFI,2020-11-01T16:03:10.266Z,2.0,2020-11-01 16:03:10.266000+00:00,0 days 00:02:15.886000,POINT (127.0318536 37.6108868)
389,37.6108994,127.0318383,23,,,WIFI,2020-11-01T16:05:16.900Z,3.0,2020-11-01 16:05:16.900000+00:00,0 days 00:02:06.634000,POINT (127.0318383 37.6108994)
390,37.6108994,127.0318383,23,,,WIFI,2020-11-01T16:07:17.037Z,1.0,2020-11-01 16:07:17.037000+00:00,0 days 00:02:00.137000,POINT (127.0318383 37.6108994)
391,37.6108994,127.0318383,23,,,WIFI,2020-11-01T16:09:17.077Z,0.0,2020-11-01 16:09:17.077000+00:00,0 days 00:02:00.040000,POINT (127.0318383 37.6108994)
392,37.6108994,127.0318383,23,,,WIFI,2020-11-01T16:13:17.128Z,0.0,2020-11-01 16:13:17.128000+00:00,0 days 00:04:00.051000,POINT (127.0318383 37.6108994)
393,37.6108994,127.0318383,23,,,WIFI,2020-11-01T16:18:17.160Z,0.0,2020-11-01 16:18:17.160000+00:00,0 days 00:05:00.032000,POINT (127.0318383 37.6108994)
394,37.6108994,127.0318383,23,,,WIFI,2020-11-01T16:22:17.201Z,0.0,2020-11-01 16:22:17.201000+00:00,0 days 00:04:00.041000,POINT (127.0318383 37.6108994)
395,37.6108994,127.0318383,23,,,WIFI,2020-11-01T16:27:17.228Z,1.0,2020-11-01 16:27:17.228000+00:00,0 days 00:05:00.027000,POINT (127.0318383 37.6108994)
396,37.6108994,127.0318383,23,,,WIFI,2020-11-01T16:32:17.252Z,0.0,2020-11-01 16:32:17.252000+00:00,0 days 00:05:00.024000,POINT (127.0318383 37.6108994)
397,37.6108994,127.0318383,23,,,WIFI,2020-11-01T16:37:17.285Z,0.0,2020-11-01 16:37:17.285000+00:00,0 days 00:05:00.033000,POINT (127.0318383 37.6108994)
398,37.6108994,127.0318383,23,,,WIFI,2020-11-01T16:42:17.305Z,0.0,2020-11-01 16:42:17.305000+00:00,0 days 00:05:00.020000,POINT (127.0318383 37.6108994)
399,37.6108994,127.0318383,23,,,WIFI,2020-11-01T16:47:17.339Z,0.0,2020-11-01 16:47:17.339000+00:00,0 days 00:05:00.034000,POINT (127.0318383 37.6108994)
400,37.6108994,127.0318383,23,,,WIFI,2020-11-01T16:47:40.276Z,3.0,2020-11-01 16:47:40.276000+00:00,0 days 00:00:22.937000,POINT (127.0318383 37.6108994)
401,37.6108994,127.0318383,23,,,WIFI,2020-11-01T16:52:17.370Z,4.0,2020-11-01 16:52:17.370000+00:00,0 days 00:04:37.094000,POINT (127.0318383 37.6108994)
402,37.6108994,127.0318383,23,,,WIFI,2020-11-01T16:54:17.407Z,2.0,2020-11-01 16:54:17.407000+00:00,0 days 00:02:00.037000,POINT (127.0318383 37.6108994)
403,37.6108994,127.0318383,23,,,WIFI,2020-11-01T16:56:17.418Z,1.0,2020-11-01 16:56:17.418000+00:00,0 days 00:02:00.011000,POINT (127.0318383 37.6108994)
404,37.6108994,127.0318383,23,,,WIFI,2020-11-01T16:57:15.822Z,1.0,2020-11-01 16:57:15.822000+00:00,0 days 00:00:58.404000,POINT (127.0318383 37.6108994)
405,37.6108994,127.0318383,23,,,WIFI,2020-11-01T16:58:17.434Z,0.0,2020-11-01 16:58:17.434000+00:00,0 days 00:01:01.612000,POINT (127.0318383 37.6108994)
406,37.6108994,127.0318383,23,,,WIFI,2020-11-01T17:03:17.459Z,0.0,2020-11-01 17:03:17.459000+00:00,0 days 00:05:00.025000,POINT (127.0318383 37.6108994)
407,37.6108994,127.0318383,23,,,WIFI,2020-11-01T17:08:17.500Z,0.0,2020-11-01 17:08:17.500000+00:00,0 days 00:05:00.041000,POINT (127.0318383 37.6108994)
408,37.6108994,127.0318383,23,,,WIFI,2020-11-01T17:13:17.519Z,1.0,2020-11-01 17:13:17.519000+00:00,0 days 00:05:00.019000,POINT (127.0318383 37.6108994)
409,37.6108994,127.0318383,23,,,WIFI,2020-11-01T17:18:17.547Z,0.0,2020-11-01 17:18:17.547000+00:00,0 days 00:05:00.028000,POINT (127.0318383 37.6108994)
410,37.6108994,127.0318383,23,,,WIFI,2020-11-01T17:23:17.586Z,0.0,2020-11-01 17:23:17.586000+00:00,0 days 00:05:00.039000,POINT (127.0318383 37.6108994)
411,37.6108994,127.0318383,23,,,WIFI,2020-11-01T17:28:17.630Z,0.0,2020-11-01 17:28:17.630000+00:00,0 days 00:05:00.044000,POINT (127.0318383 37.6108994)
412,37.6108994,127.0318383,23,,,WIFI,2020-11-01T17:29:51.883Z,1.0,2020-11-01 17:29:51.883000+00:00,0 days 00:01:34.253000,POINT (127.0318383 37.6108994)
413,37.6108241,127.0319288,17,,,WIFI,2020-11-01T17:30:26.990Z,1.0,2020-11-01 17:30:26.990000+00:00,0 days 00:00:35.107000,POINT (127.0319288 37.6108241)
414,37.6108457,127.0318839,16,,,WIFI,2020-11-01T17:32:28.010Z,3.0,2020-11-01 17:32:28.010000+00:00,0 days 00:02:01.020000,POINT (127.0318839 37.6108457)
415,37.610869,127.0318739,15,,,WIFI,2020-11-01T17:34:30.063Z,2.0,2020-11-01 17:34:30.063000+00:00,0 days 00:02:02.053000,POINT (127.0318739 37.610869)
416,37.6108752,127.0318769,16,,,WIFI,2020-11-01T17:36:31.120Z,2.0,2020-11-01 17:36:31.120000+00:00,0 days 00:02:01.057000,POINT (127.0318769 37.6108752)
417,37.6108759,127.0318772,16,,,WIFI,2020-11-01T17:38:32.788Z,1.0,2020-11-01 17:38:32.788000+00:00,0 days 00:02:01.668000,POINT (127.0318772 37.6108759)
418,37.6108759,127.0318772,16,,,WIFI,2020-11-01T17:39:31.862Z,1.0,2020-11-01 17:39:31.862000+00:00,0 days 00:00:59.074000,POINT (127.0318772 37.6108759)
419,37.6108759,127.0318772,16,,,WIFI,2020-11-01T17:40:32.987Z,1.0,2020-11-01 17:40:32.987000+00:00,0 days 00:01:01.125000,POINT (127.0318772 37.6108759)
420,37.6108759,127.0318772,16,,,WIFI,2020-11-01T17:44:33.015Z,0.0,2020-11-01 17:44:33.015000+00:00,0 days 00:04:00.028000,POINT (127.0318772 37.6108759)
421,37.6108759,127.0318772,16,,,WIFI,2020-11-01T17:48:33.058Z,0.0,2020-11-01 17:48:33.058000+00:00,0 days 00:04:00.043000,POINT (127.0318772 37.6108759)
422,37.6108759,127.0318772,16,,,WIFI,2020-11-01T17:53:08.066Z,0.0,2020-11-01 17:53:08.066000+00:00,0 days 00:04:35.008000,POINT (127.0318772 37.6108759)
423,37.6108759,127.0318772,16,,,WIFI,2020-11-01T17:57:19.212Z,0.0,2020-11-01 17:57:19.212000+00:00,0 days 00:04:11.146000,POINT (127.0318772 37.6108759)
424,37.6108759,127.0318772,16,,,WIFI,2020-11-01T17:58:08.166Z,0.0,2020-11-01 17:58:08.166000+00:00,0 days 00:00:48.954000,POINT (127.0318772 37.6108759)
425,37.6108706,127.0318707,27,,,WIFI,2020-11-01T17:58:28.034Z,0.0,2020-11-01 17:58:28.034000+00:00,0 days 00:00:19.868000,POINT (127.0318707 37.6108706)
426,37.6108706,127.0318707,27,,,WIFI,2020-11-01T18:04:54.694Z,0.0,2020-11-01 18:04:54.694000+00:00,0 days 00:06:26.660000,POINT (127.0318707 37.6108706)
427,37.6108706,127.0318707,27,,,WIFI,2020-11-01T18:09:03.907Z,0.0,2020-11-01 18:09:03.907000+00:00,0 days 00:04:09.213000,POINT (127.0318707 37.6108706)
428,37.6108706,127.0318707,27,,,WIFI,2020-11-01T18:14:55.073Z,0.0,2020-11-01 18:14:55.073000+00:00,0 days 00:05:51.166000,POINT (127.0318707 37.6108706)
429,37.6108706,127.0318707,27,,,WIFI,2020-11-01T18:19:23.088Z,0.0,2020-11-01 18:19:23.088000+00:00,0 days 00:04:28.015000,POINT (127.0318707 37.6108706)
430,37.6108706,127.0318707,27,,,WIFI,2020-11-01T18:23:30.220Z,0.0,2020-11-01 18:23:30.220000+00:00,0 days 00:04:07.132000,POINT (127.0318707 37.6108706)
431,37.6108706,127.0318707,27,,,WIFI,2020-11-01T18:29:04.139Z,0.0,2020-11-01 18:29:04.139000+00:00,0 days 00:05:33.919000,POINT (127.0318707 37.6108706)
432,37.6108706,127.0318707,27,,,WIFI,2020-11-01T18:34:54.701Z,0.0,2020-11-01 18:34:54.701000+00:00,0 days 00:05:50.562000,POINT (127.0318707 37.6108706)
433,37.6108706,127.0318707,27,,,WIFI,2020-11-01T18:39:26.071Z,0.0,2020-11-01 18:39:26.071000+00:00,0 days 00:04:31.370000,POINT (127.0318707 37.6108706)
434,37.6108706,127.0318707,27,,,WIFI,2020-11-01T18:44:06.997Z,0.0,2020-11-01 18:44:06.997000+00:00,0 days 00:04:40.926000,POINT (127.0318707 37.6108706)
435,37.6108706,127.0318707,27,,,WIFI,2020-11-01T18:49:04.091Z,0.0,2020-11-01 18:49:04.091000+00:00,0 days 00:04:57.094000,POINT (127.0318707 37.6108706)
436,37.6108706,127.0318707,27,,,WIFI,2020-11-01T18:54:54.720Z,0.0,2020-11-01 18:54:54.720000+00:00,0 days 00:05:50.629000,POINT (127.0318707 37.6108706)
437,37.6108706,127.0318707,27,,,WIFI,2020-11-01T18:59:07.083Z,0.0,2020-11-01 18:59:07.083000+00:00,0 days 00:04:12.363000,POINT (127.0318707 37.6108706)
438,37.6108706,127.0318707,27,,,WIFI,2020-11-01T19:04:55.112Z,0.0,2020-11-01 19:04:55.112000+00:00,0 days 00:05:48.029000,POINT (127.0318707 37.6108706)
439,37.6108706,127.0318707,27,,,WIFI,2020-11-01T19:09:05.098Z,0.0,2020-11-01 19:09:05.098000+00:00,0 days 00:04:09.986000,POINT (127.0318707 37.6108706)
440,37.6108706,127.0318707,27,,,WIFI,2020-11-01T19:13:08.919Z,0.0,2020-11-01 19:13:08.919000+00:00,0 days 00:04:03.821000,POINT (127.0318707 37.6108706)
441,37.6108706,127.0318707,27,,,WIFI,2020-11-01T19:17:21.090Z,0.0,2020-11-01 19:17:21.090000+00:00,0 days 00:04:12.171000,POINT (127.0318707 37.6108706)
442,37.6108706,127.0318707,27,,,WIFI,2020-11-01T19:22:32.063Z,0.0,2020-11-01 19:22:32.063000+00:00,0 days 00:05:10.973000,POINT (127.0318707 37.6108706)
443,37.6108706,127.0318707,27,,,WIFI,2020-11-01T19:29:04.087Z,0.0,2020-11-01 19:29:04.087000+00:00,0 days 00:06:32.024000,POINT (127.0318707 37.6108706)
444,37.6108706,127.0318707,27,,,WIFI,2020-11-01T19:33:37.094Z,0.0,2020-11-01 19:33:37.094000+00:00,0 days 00:04:33.007000,POINT (127.0318707 37.6108706)
445,37.6108706,127.0318707,27,,,WIFI,2020-11-01T19:39:32.074Z,0.0,2020-11-01 19:39:32.074000+00:00,0 days 00:05:54.980000,POINT (127.0318707 37.6108706)
446,37.6108706,127.0318707,27,,,WIFI,2020-11-01T19:44:54.691Z,0.0,2020-11-01 19:44:54.691000+00:00,0 days 00:05:22.617000,POINT (127.0318707 37.6108706)
447,37.6108706,127.0318707,27,,,WIFI,2020-11-01T19:49:05.092Z,0.0,2020-11-01 19:49:05.092000+00:00,0 days 00:04:10.401000,POINT (127.0318707 37.6108706)
448,37.6108706,127.0318707,27,,,WIFI,2020-11-01T19:54:54.694Z,0.0,2020-11-01 19:54:54.694000+00:00,0 days 00:05:49.602000,POINT (127.0318707 37.6108706)
449,37.6108706,127.0318707,27,,,WIFI,2020-11-01T19:59:30.062Z,0.0,2020-11-01 19:59:30.062000+00:00,0 days 00:04:35.368000,POINT (127.0318707 37.6108706)
450,37.6108706,127.0318707,27,,,WIFI,2020-11-01T20:04:55.088Z,0.0,2020-11-01 20:04:55.088000+00:00,0 days 00:05:25.026000,POINT (127.0318707 37.6108706)
451,37.6108706,127.0318707,27,,,WIFI,2020-11-01T20:09:00.065Z,0.0,2020-11-01 20:09:00.065000+00:00,0 days 00:04:04.977000,POINT (127.0318707 37.6108706)
452,37.6108706,127.0318707,27,,,WIFI,2020-11-01T20:14:54.693Z,0.0,2020-11-01 20:14:54.693000+00:00,0 days 00:05:54.628000,POINT (127.0318707 37.6108706)
453,37.6108706,127.0318707,27,,,WIFI,2020-11-01T20:19:22.080Z,0.0,2020-11-01 20:19:22.080000+00:00,0 days 00:04:27.387000,POINT (127.0318707 37.6108706)
454,37.6108706,127.0318707,27,,,WIFI,2020-11-01T20:24:15.091Z,0.0,2020-11-01 20:24:15.091000+00:00,0 days 00:04:53.011000,POINT (127.0318707 37.6108706)
455,37.6108706,127.0318707,27,,,WIFI,2020-11-01T20:29:03.918Z,0.0,2020-11-01 20:29:03.918000+00:00,0 days 00:04:48.827000,POINT (127.0318707 37.6108706)
456,37.6108706,127.0318707,27,,,WIFI,2020-11-01T20:34:30.095Z,0.0,2020-11-01 20:34:30.095000+00:00,0 days 00:05:26.177000,POINT (127.0318707 37.6108706)
457,37.6108706,127.0318707,27,,,WIFI,2020-11-01T20:41:01.087Z,0.0,2020-11-01 20:41:01.087000+00:00,0 days 00:06:30.992000,POINT (127.0318707 37.6108706)
458,37.6108706,127.0318707,27,,,WIFI,2020-11-01T20:45:35.200Z,0.0,2020-11-01 20:45:35.200000+00:00,0 days 00:04:34.113000,POINT (127.0318707 37.6108706)
459,37.6108706,127.0318707,27,,,WIFI,2020-11-01T20:49:55.092Z,0.0,2020-11-01 20:49:55.092000+00:00,0 days 00:04:19.892000,POINT (127.0318707 37.6108706)
460,37.6108706,127.0318707,27,,,WIFI,2020-11-01T20:54:55.089Z,0.0,2020-11-01 20:54:55.089000+00:00,0 days 00:04:59.997000,POINT (127.0318707 37.6108706)
461,37.6108706,127.0318707,27,,,WIFI,2020-11-01T21:00:00.074Z,0.0,2020-11-01 21:00:00.074000+00:00,0 days 00:05:04.985000,POINT (127.0318707 37.6108706)
462,37.610845,127.0318999,24,,,WIFI,2020-11-01T21:00:22Z,0.0,2020-11-01 21:00:22+00:00,0 days 00:00:21.926000,POINT (127.0318999 37.610845)
463,37.610845,127.0318999,24,,,WIFI,2020-11-01T21:04:55.093Z,0.0,2020-11-01 21:04:55.093000+00:00,0 days 00:04:33.093000,POINT (127.0318999 37.610845)
464,37.610845,127.0318999,24,,,WIFI,2020-11-01T21:09:04.102Z,0.0,2020-11-01 21:09:04.102000+00:00,0 days 00:04:09.009000,POINT (127.0318999 37.610845)
465,37.610845,127.0318999,24,,,WIFI,2020-11-01T21:14:55.076Z,0.0,2020-11-01 21:14:55.076000+00:00,0 days 00:05:50.974000,POINT (127.0318999 37.610845)
466,37.610845,127.0318999,24,,,WIFI,2020-11-01T21:19:55.086Z,0.0,2020-11-01 21:19:55.086000+00:00,0 days 00:05:00.010000,POINT (127.0318999 37.610845)
467,37.610845,127.0318999,24,,,WIFI,2020-11-01T21:24:55.084Z,0.0,2020-11-01 21:24:55.084000+00:00,0 days 00:04:59.998000,POINT (127.0318999 37.610845)
468,37.610845,127.0318999,24,,,WIFI,2020-11-01T21:29:03.917Z,0.0,2020-11-01 21:29:03.917000+00:00,0 days 00:04:08.833000,POINT (127.0318999 37.610845)
469,37.610845,127.0318999,24,,,WIFI,2020-11-01T21:34:54.698Z,0.0,2020-11-01 21:34:54.698000+00:00,0 days 00:05:50.781000,POINT (127.0318999 37.610845)
470,37.610845,127.0318999,24,,,WIFI,2020-11-01T21:39:00.044Z,0.0,2020-11-01 21:39:00.044000+00:00,0 days 00:04:05.346000,POINT (127.0318999 37.610845)
471,37.610845,127.0318999,24,,,WIFI,2020-11-01T21:44:54.691Z,0.0,2020-11-01 21:44:54.691000+00:00,0 days 00:05:54.647000,POINT (127.0318999 37.610845)
472,37.610845,127.0318999,24,,,WIFI,2020-11-01T21:49:04.091Z,1.0,2020-11-01 21:49:04.091000+00:00,0 days 00:04:09.400000,POINT (127.0318999 37.610845)
473,37.610845,127.0318999,24,,,WIFI,2020-11-01T21:49:22.756Z,0.0,2020-11-01 21:49:22.756000+00:00,0 days 00:00:18.665000,POINT (127.0318999 37.610845)
474,37.610845,127.0318999,24,,,WIFI,2020-11-01T21:54:53.084Z,0.0,2020-11-01 21:54:53.084000+00:00,0 days 00:05:30.328000,POINT (127.0318999 37.610845)
475,37.610845,127.0318999,24,,,WIFI,2020-11-01T22:00:01.075Z,0.0,2020-11-01 22:00:01.075000+00:00,0 days 00:05:07.991000,POINT (127.0318999 37.610845)
476,37.610845,127.0318999,24,,,WIFI,2020-11-01T22:04:54.698Z,1.0,2020-11-01 22:04:54.698000+00:00,0 days 00:04:53.623000,POINT (127.0318999 37.610845)
477,37.610845,127.0318999,24,,,WIFI,2020-11-01T22:09:04.093Z,0.0,2020-11-01 22:09:04.093000+00:00,0 days 00:04:09.395000,POINT (127.0318999 37.610845)
478,37.610845,127.0318999,24,,,WIFI,2020-11-01T22:14:24.791Z,0.0,2020-11-01 22:14:24.791000+00:00,0 days 00:05:20.698000,POINT (127.0318999 37.610845)
479,37.610845,127.0318999,24,,,WIFI,2020-11-01T22:19:54.681Z,0.0,2020-11-01 22:19:54.681000+00:00,0 days 00:05:29.890000,POINT (127.0318999 37.610845)
480,37.610845,127.0318999,24,,,WIFI,2020-11-01T22:25:00.065Z,0.0,2020-11-01 22:25:00.065000+00:00,0 days 00:05:05.384000,POINT (127.0318999 37.610845)
481,37.610845,127.0318999,24,,,WIFI,2020-11-01T22:31:19.179Z,0.0,2020-11-01 22:31:19.179000+00:00,0 days 00:06:19.114000,POINT (127.0318999 37.610845)
482,37.610845,127.0318999,24,,,WIFI,2020-11-01T22:36:19.224Z,0.0,2020-11-01 22:36:19.224000+00:00,0 days 00:05:00.045000,POINT (127.0318999 37.610845)
483,37.610845,127.0318999,24,,,WIFI,2020-11-01T22:37:00.731Z,0.0,2020-11-01 22:37:00.731000+00:00,0 days 00:00:41.507000,POINT (127.0318999 37.610845)
484,37.610845,127.0318999,24,,,WIFI,2020-11-01T22:42:57.465Z,0.0,2020-11-01 22:42:57.465000+00:00,0 days 00:05:56.734000,POINT (127.0318999 37.610845)
485,37.610845,127.0318999,24,,,WIFI,2020-11-01T22:49:04.092Z,0.0,2020-11-01 22:49:04.092000+00:00,0 days 00:06:06.627000,POINT (127.0318999 37.610845)
486,37.610845,127.0318999,24,,,WIFI,2020-11-01T22:54:55.077Z,0.0,2020-11-01 22:54:55.077000+00:00,0 days 00:05:50.985000,POINT (127.0318999 37.610845)
487,37.610845,127.0318999,24,,,WIFI,2020-11-01T23:00:01.075Z,0.0,2020-11-01 23:00:01.075000+00:00,0 days 00:05:05.998000,POINT (127.0318999 37.610845)
488,37.610845,127.0318999,24,,,WIFI,2020-11-01T23:05:06.961Z,0.0,2020-11-01 23:05:06.961000+00:00,0 days 00:05:05.886000,POINT (127.0318999 37.610845)
489,37.610845,127.0318999,24,,,WIFI,2020-11-01T23:10:28.066Z,0.0,2020-11-01 23:10:28.066000+00:00,0 days 00:05:21.105000,POINT (127.0318999 37.610845)
490,37.610845,127.0318999,24,,,WIFI,2020-11-01T23:13:11.354Z,0.0,2020-11-01 23:13:11.354000+00:00,0 days 00:02:43.288000,POINT (127.0318999 37.610845)
491,37.610845,127.0318999,24,,,WIFI,2020-11-01T23:13:29.809Z,1.0,2020-11-01 23:13:29.809000+00:00,0 days 00:00:18.455000,POINT (127.0318999 37.610845)
492,37.6108487,127.0318382,24,,,WIFI,2020-11-01T23:14:05.473Z,0.0,2020-11-01 23:14:05.473000+00:00,0 days 00:00:35.664000,POINT (127.0318382 37.6108487)
493,37.6108541,127.0318294,22,,,WIFI,2020-11-01T23:17:34.551Z,0.0,2020-11-01 23:17:34.551000+00:00,0 days 00:03:29.078000,POINT (127.0318294 37.6108541)
494,37.6108636,127.0318991,17,,,WIFI,2020-11-01T23:18:01.049Z,0.0,2020-11-01 23:18:01.049000+00:00,0 days 00:00:26.498000,POINT (127.0318991 37.6108636)
495,37.6108636,127.0318991,17,,,WIFI,2020-11-01T23:23:01.119Z,0.0,2020-11-01 23:23:01.119000+00:00,0 days 00:05:00.070000,POINT (127.0318991 37.6108636)
496,37.6108636,127.0318991,17,,,WIFI,2020-11-01T23:28:48.367Z,0.0,2020-11-01 23:28:48.367000+00:00,0 days 00:05:47.248000,POINT (127.0318991 37.6108636)
497,37.6108636,127.0318991,17,,,WIFI,2020-11-01T23:34:45.637Z,0.0,2020-11-01 23:34:45.637000+00:00,0 days 00:05:57.270000,POINT (127.0318991 37.6108636)
498,37.6108636,127.0318991,17,,,WIFI,2020-11-01T23:40:03.088Z,0.0,2020-11-01 23:40:03.088000+00:00,0 days 00:05:17.451000,POINT (127.0318991 37.6108636)
499,37.6108141,127.0319208,17,,,WIFI,2020-11-01T23:44:00.961Z,0.0,2020-11-01 23:44:00.961000+00:00,0 days 00:03:57.873000,POINT (127.0319208 37.6108141)
500,37.6108141,127.0319208,17,,,WIFI,2020-11-01T23:44:16.081Z,1.0,2020-11-01 23:44:16.081000+00:00,0 days 00:00:15.120000,POINT (127.0319208 37.6108141)
501,37.6107454,127.0319917,15,,,WIFI,2020-11-01T23:45:23.846Z,4.0,2020-11-01 23:45:23.846000+00:00,0 days 00:01:07.765000,POINT (127.0319917 37.6107454)
502,37.6134965,127.0300896,21,,,WIFI,2020-11-01T23:49:56.942Z,5.0,2020-11-01 23:49:56.942000+00:00,0 days 00:04:33.096000,POINT (127.0300896 37.6134965)
503,37.6137551,127.0300958,15,,,WIFI,2020-11-01T23:50:46.265Z,1.0,2020-11-01 23:50:46.265000+00:00,0 days 00:00:49.323000,POINT (127.0300958 37.6137551)
504,37.613749,127.0301257,20,,,WIFI,2020-11-01T23:51:35.671Z,1.0,2020-11-01 23:51:35.671000+00:00,0 days 00:00:49.406000,POINT (127.0301257 37.613749)
505,37.6143419,127.02994,39,,,WIFI,2020-11-01T23:52:48.542Z,3.0,2020-11-01 23:52:48.542000+00:00,0 days 00:01:12.871000,POINT (127.02994 37.6143419)
506,37.6139841,127.0302956,41,,,WIFI,2020-11-01T23:55:36.801Z,4.0,2020-11-01 23:55:36.801000+00:00,0 days 00:02:48.259000,POINT (127.0302956 37.6139841)
507,37.6134397,127.0298018,400,,,CELL,2020-11-01T23:55:55.849Z,0.0,2020-11-01 23:55:55.849000+00:00,0 days 00:00:19.048000,POINT (127.0298018 37.6134397)
508,37.6094058,127.0305267,25,,,WIFI,2020-11-01T23:57:45.977Z,3.0,2020-11-01 23:57:45.977000+00:00,0 days 00:01:50.128000,POINT (127.0305267 37.6094058)
509,37.6053881,127.0263843,16,,,WIFI,2020-11-01T23:59:53.984Z,2.0,2020-11-01 23:59:53.984000+00:00,0 days 00:02:08.007000,POINT (127.0263843 37.6053881)
